merchant_id,merchant_name,merchant_category,region,chiffre_affaires,nb_transactions,nb_clients_uniques,montant_moyen,rang_ca_categorie,rang_ca_region,commission_totale,ca_jeune,ca_adulte,ca_age_moyen,ca_senior,taux_suspectes_pct
M00001,BookHaven 1,Books,Bretagne,9281.48,171,163,54.28,35,36,633.0,1232.72,4422.89,2936.79,334.51,2.34
M00002,BookCorner 2,Books,Nouvelle-Aquitaine,9504.36,248,239,38.32,33,70,584.52,1241.09,4152.29,3569.58,338.76,1.21
M00003,VitalShop 3,Health,Ile-de-France,38693.72,216,199,179.14,11,59,669.4,7211.99,16881.86,10668.85,2197.68,2.31
M00004,CarParts 4,Automotive,Ile-de-France,103937.1,135,132,769.9,54,33,9375.13,17521.44,40917.78,24577.32,11432.59,2.22
M00005,HealthHub 5,Health,Nouvelle-Aquitaine,10902.53,95,92,114.76,71,65,450.27,783.57,5713.66,3199.48,928.7,4.21
M00006,HomeStyle 6,Home & Garden,Grand Est,193564.02,391,359,495.05,10,8,14536.66,33157.27,80890.33,65481.88,8775.08,2.05
M00007,BookHaven 7,Books,Occitanie,12915.1,271,258,47.66,7,46,1148.15,1316.02,4561.55,5938.7,793.18,1.11
M00008,SportHub 8,Sports,Pays de la Loire,126360.23,353,330,357.96,12,12,5458.76,15679.59,49573.1,50147.9,7512.8,1.42
M00009,VitalShop 9,Health,Nouvelle-Aquitaine,49493.57,305,282,162.27,4,28,3103.25,8052.15,19249.65,15263.08,1552.44,0.98
M00010,HealthShop 10,Health,Occitanie,26217.23,150,146,174.78,39,28,2031.84,3311.01,10570.22,9013.13,889.39,2.0
M00011,FitnessShop 11,Sports,Normandie,47837.48,123,120,388.92,48,18,1592.99,6273.73,18751.2,18639.51,2700.58,1.63
M00012,PlayShop 12,Toys,Occitanie,25088.83,260,243,96.5,25,31,308.59,3532.78,9194.03,11202.84,778.96,1.92
M00013,ClothingHub 13,Clothing,Bretagne,101046.85,371,335,272.36,3,19,5769.78,9919.15,50317.72,35776.14,3015.81,1.62
M00014,ReadMore 14,Books,Ile-de-France,7552.28,123,118,61.4,47,111,676.68,1346.03,3636.17,2192.17,343.14,0.0
M00015,ReadMore 15,Books,Provence-Alpes-Côte d'Azur,5019.83,114,112,44.03,57,41,483.91,614.19,1810.38,2135.01,214.3,0.0
M00016,GlowShop 16,Beauty,Nouvelle-Aquitaine,24416.66,179,173,136.41,17,43,2436.78,2498.83,10985.25,8677.25,1321.62,1.68
M00017,BeautyCorner 17,Beauty,Occitanie,17978.0,167,156,107.65,42,40,656.2,2285.83,8868.69,5340.42,639.91,1.8
M00018,CarParts 18,Automotive,Ile-de-France,129754.72,149,143,870.84,51,28,11600.07,11521.95,62260.96,44799.04,9311.88,2.68
M00019,VitalShop 19,Health,Normandie,15540.94,118,111,131.7,61,29,519.07,1584.14,5076.99,6909.19,997.22,2.54
M00020,VitalShop 20,Health,Provence-Alpes-Côte d'Azur,45926.99,261,246,175.97,5,17,2512.21,5816.11,21609.84,13529.11,2731.54,1.15
M00021,KidsWorld 21,Toys,Auvergne-Rhône-Alpes,25667.49,192,185,133.68,23,41,2374.24,2307.37,12917.57,7459.76,1613.93,0.52
M00022,ReadMore 22,Books,Auvergne-Rhône-Alpes,12206.25,243,235,50.23,10,65,1135.18,1693.14,5549.55,4302.1,369.43,1.23
M00023,GourmetShop 23,Food,Bretagne,15808.97,280,262,56.46,23,31,1081.33,1757.04,6199.56,5771.07,964.64,2.5
M00024,HealthHub 24,Health,Auvergne-Rhône-Alpes,41084.44,207,199,198.48,8,29,3578.45,4767.52,19456.16,14076.22,1936.16,1.45
M00025,GourmetShop 25,Food,Ile-de-France,18654.89,296,273,63.02,13,89,943.94,1782.82,7394.09,6691.67,2361.3,2.36
M00026,BeautyWorld 26,Beauty,Auvergne-Rhône-Alpes,32989.48,310,283,106.42,8,36,2174.01,5338.44,13803.96,11021.44,2604.63,2.58
M00027,GlowShop 27,Beauty,Ile-de-France,20423.35,178,168,114.74,32,83,780.17,2852.78,6834.36,8604.39,1197.39,1.12
M00028,FitnessShop 28,Sports,Hauts-de-France,142939.2,355,326,402.65,8,13,7518.6,15114.84,60225.59,52732.41,10714.91,1.69
M00029,FreshMarket 29,Food,Nouvelle-Aquitaine,11858.04,177,168,66.99,39,63,289.34,1041.42,5114.52,4776.84,663.71,2.26
M00030,FreshMarket 30,Food,Nouvelle-Aquitaine,11317.08,223,211,50.75,41,64,935.92,2037.32,5261.87,3196.85,506.31,1.79
M00031,CosmeticHub 31,Beauty,Ile-de-France,26134.74,236,220,110.74,15,74,512.24,3639.8,12175.32,8179.57,897.22,1.69
M00032,LibraryShop 32,Books,Grand Est,10821.08,231,215,46.84,19,43,1018.26,2127.17,3916.37,3879.93,652.43,0.0
M00033,DigitalHub 33,Electronics,,386893.79,296,277,1307.07,14,1,27662.91,46025.59,159008.83,149622.31,19651.7,3.38
M00034,HealthHub 34,Health,Occitanie,23618.15,184,182,128.36,45,32,1228.14,2929.42,9613.32,8703.62,1704.18,1.09
M00035,ActiveWear 35,Sports,Hauts-de-France,148368.74,415,374,357.52,6,12,4243.35,13008.57,73205.69,49638.41,8829.89,0.96
M00036,SportHub 36,Sports,Hauts-de-France,132917.28,288,265,461.52,10,15,9450.42,19984.13,59493.56,44000.89,3748.11,4.17
M00037,ReadMore 37,Books,Auvergne-Rhône-Alpes,10718.1,234,219,45.8,20,69,995.71,1608.83,3815.67,4140.5,956.31,1.71
M00039,HealthShop 39,Health,Grand Est,33239.48,265,253,125.43,23,21,987.21,4264.78,14045.75,11763.24,2145.59,1.13
M00040,CosmeticHub 40,Beauty,Grand Est,35449.54,234,229,151.49,7,19,946.5,6433.93,14779.65,11861.89,1600.2,1.28
M00041,AutoCenter 41,Automotive,Nouvelle-Aquitaine,302836.59,284,256,1066.33,18,5,5178.51,40927.72,139137.51,95058.64,12233.39,2.46
M00042,AutoShop 42,Automotive,Ile-de-France,236580.66,183,172,1292.79,26,15,12254.88,18727.12,110380.02,78819.63,17303.24,3.28
M00043,ToyHub 43,Toys,Ile-de-France,16919.56,159,149,106.41,48,93,959.34,2669.5,4834.99,7848.22,1185.74,1.89
M00044,HealthShop 44,Health,Pays de la Loire,13407.82,99,98,135.43,66,24,1095.42,1349.83,7153.06,3810.57,786.69,0.0
M00045,BookCorner 45,Books,Ile-de-France,9318.48,247,232,37.73,34,109,171.46,1511.58,3716.17,3733.87,195.1,4.05
M00046,HealthHub 46,Health,Hauts-de-France,36170.76,255,238,141.85,18,32,3074.51,4175.49,15623.32,12813.39,2579.03,2.35
M00047,FoodMart 47,Food,Pays de la Loire,14526.38,228,217,63.71,29,22,605.75,2308.15,6624.27,4859.58,326.79,2.19
M00048,ActiveWear 48,Sports,,102878.2,212,198,485.27,20,2,3621.31,14766.72,52124.35,28713.72,6183.04,2.36
M00049,ActiveWear 49,Sports,Auvergne-Rhône-Alpes,71573.25,256,245,279.58,41,26,2440.65,10300.91,31860.81,23438.95,3150.48,1.17
M00050,CosmeticHub 50,Beauty,Provence-Alpes-Côte d'Azur,23423.94,174,162,134.62,21,25,438.03,5202.35,9443.69,7165.08,717.99,2.3
M00051,ToyLand 51,Toys,Grand Est,32736.19,319,294,102.62,10,22,2563.24,2292.36,15782.63,12383.69,1621.48,2.19
M00052,FoodMart 52,Food,Auvergne-Rhône-Alpes,17457.18,374,343,46.68,17,51,1098.06,2737.88,7078.0,6217.82,871.3,1.07
M00053,BookHaven 53,Books,Ile-de-France,5585.74,118,114,47.34,54,115,184.89,838.65,2686.29,1961.02,99.78,0.85
M00054,ElectroWorld 54,Electronics,Nouvelle-Aquitaine,327574.16,229,214,1430.45,22,3,3734.35,64889.16,120662.66,119619.51,11668.74,3.93
M00055,BookCorner 55,Books,Auvergne-Rhône-Alpes,8340.66,232,218,35.95,44,74,153.47,1268.73,3791.33,2914.34,148.26,0.86
M00056,GlowShop 56,Beauty,Provence-Alpes-Côte d'Azur,14869.16,211,193,70.47,53,32,962.03,1867.75,7442.93,4477.52,845.92,2.37
M00057,SportZone 57,Sports,Auvergne-Rhône-Alpes,96996.38,350,327,277.13,24,23,2851.69,10317.13,41249.62,35341.05,4743.59,1.43
M00058,VitalShop 58,Health,Grand Est,25409.25,216,205,117.64,41,27,2223.31,2152.17,12538.07,8456.67,1687.38,1.39
M00059,AutoCenter 59,Automotive,Bretagne,133687.21,174,168,768.32,50,14,5628.23,13226.43,71002.39,43346.89,3274.68,2.87
M00060,KidsWorld 60,Toys,,32998.78,252,235,130.95,9,6,1191.26,3389.98,16668.47,10015.66,1239.85,0.79
M00061,BookHaven 61,Books,Auvergne-Rhône-Alpes,9729.98,217,199,44.84,30,71,888.35,1644.25,4504.0,2991.29,267.34,3.69
M00062,GlowShop 62,Beauty,Hauts-de-France,13420.91,112,111,119.83,58,47,1006.57,2350.53,6229.56,3572.2,1079.75,0.0
M00063,BookCorner 63,Books,Ile-de-France,4718.64,110,109,42.9,60,116,100.51,283.42,2520.79,1550.54,303.28,0.91
M00064,HomeCenter 64,Home & Garden,Nouvelle-Aquitaine,115624.21,210,201,550.59,37,22,2474.36,17737.32,56589.47,32563.58,6810.7,1.9
M00065,PlayShop 65,Toys,Auvergne-Rhône-Alpes,15535.0,146,137,106.4,51,56,744.13,2135.47,5182.83,6645.76,954.75,0.68
M00066,ClothingHub 66,Clothing,Hauts-de-France,89546.82,381,348,235.03,6,19,6223.5,9843.13,41792.63,31797.29,3126.38,1.31
M00067,BeautyCorner 67,Beauty,Provence-Alpes-Côte d'Azur,16572.76,190,179,87.23,46,29,505.47,2557.29,5953.56,5520.66,1517.37,2.63
M00068,GadgetShop 68,Electronics,Occitanie,175408.75,136,129,1289.77,52,11,5911.27,23653.87,56367.84,73059.12,12527.16,2.21
M00069,DecorShop 69,Home & Garden,Pays de la Loire,205491.62,452,406,454.63,9,6,12288.4,27876.34,90896.76,65721.09,11755.57,2.88
M00070,GlowShop 70,Beauty,Grand Est,23659.09,179,174,132.17,20,29,1843.04,3136.35,9965.51,8000.08,2046.27,0.56
M00071,GardenWorld 71,Home & Garden,Grand Est,110587.6,190,181,582.04,39,10,3527.74,18953.12,50453.19,34563.86,4263.76,2.11
M00072,TechStore 72,Electronics,Pays de la Loire,134380.13,112,109,1199.82,59,11,12564.54,26375.39,46327.36,57915.1,3034.11,4.46
M00073,ToyHub 73,Toys,Hauts-de-France,11688.93,142,139,82.32,56,48,406.77,1778.06,4920.7,4021.72,583.14,0.0
M00074,StyleShop 74,Clothing,Occitanie,75841.86,440,405,172.37,13,18,3883.1,8416.45,34436.01,21356.23,9830.64,2.27
M00075,HealthHub 75,Health,Ile-de-France,40697.55,180,173,226.1,9,55,1908.72,4374.42,12553.18,7485.84,809.12,1.67
M00076,HealthShop 76,Health,Pays de la Loire,28849.38,235,226,122.76,36,18,2457.97,4346.13,7471.74,9516.72,3400.51,1.7
M00077,KidsWorld 77,Toys,Ile-de-France,17233.43,159,152,108.39,47,91,751.38,2320.82,6605.42,5544.73,2415.9,1.26
M00078,AutoShop 78,Automotive,Bretagne,66428.23,142,135,467.8,59,23,777.21,9618.4,36080.53,16264.39,3267.44,2.82
M00079,StyleShop 79,Clothing,Ile-de-France,37028.45,180,171,205.71,39,61,1681.09,6728.94,17864.14,10780.68,896.55,1.11
M00080,CosmeticHub 80,Beauty,Ile-de-France,2449.95,27,27,90.74,68,120,55.86,351.06,1010.53,1088.36,0.0,0.0
M00081,ToyHub 81,Toys,Auvergne-Rhône-Alpes,23595.02,256,242,92.17,27,42,323.25,2152.53,11644.25,5730.14,2132.85,0.78
M00082,ActiveWear 82,Sports,Normandie,150266.99,459,424,327.38,5,11,5499.77,14724.1,68753.78,53410.8,7254.34,1.74
M00083,MotorHub 83,Automotive,Bretagne,307302.42,280,259,1097.51,16,4,8297.17,36707.7,140622.72,108344.77,11988.54,4.64
M00084,ElectroWorld 84,Electronics,Nouvelle-Aquitaine,290611.66,210,201,1383.87,27,6,23103.63,45771.27,125583.06,96180.42,13469.58,3.33
M00085,CosmeticHub 85,Beauty,Ile-de-France,23175.17,166,162,139.61,23,78,887.61,1363.57,8984.34,11626.38,904.55,2.41
M00086,FoodHub 86,Food,Normandie,23163.23,336,309,68.94,4,20,1304.09,2667.66,9231.48,8944.96,1088.98,1.49
M00087,GadgetShop 87,Electronics,Nouvelle-Aquitaine,226541.12,149,142,1520.41,37,11,6682.96,14996.6,104660.91,92726.11,10317.39,4.03
M00088,FoodHub 88,Food,Ile-de-France,10110.74,171,157,59.13,44,107,398.36,1712.37,3704.63,3381.49,612.15,1.17
M00089,LibraryShop 89,Books,Auvergne-Rhône-Alpes,12202.45,237,220,51.49,11,66,452.71,1498.69,5996.99,3512.85,980.22,1.69
M00090,BookHaven 90,Books,Normandie,11339.82,216,206,52.5,13,33,237.0,960.98,5721.74,3475.27,827.45,2.31
M00091,CosmeticHub 91,Beauty,Grand Est,20349.49,138,129,147.46,33,34,1037.82,2368.32,10312.39,6689.49,310.71,4.35
M00092,SportHub 92,Sports,Ile-de-France,101556.21,316,294,321.38,22,34,9932.2,11253.85,42857.16,37883.48,6316.24,1.27
M00093,HealthHub 93,Health,Provence-Alpes-Côte d'Azur,30789.65,192,187,160.36,30,20,932.93,3821.53,13159.23,10914.9,1552.66,1.04
M00094,HomeStyle 94,Home & Garden,Hauts-de-France,214045.85,365,339,586.43,7,6,8347.79,31653.97,94406.53,73452.77,10388.49,0.55
M00095,VitalShop 95,Health,Ile-de-France,39553.99,243,227,162.77,10,56,3267.16,3664.48,17262.5,13783.37,2353.62,1.65
M00096,StyleShop 96,Clothing,Nouvelle-Aquitaine,48878.53,292,273,167.39,31,29,4022.7,7446.9,22100.24,15971.43,2558.38,2.05
M00097,ToyLand 97,Toys,Occitanie,43214.01,307,288,140.76,2,22,2636.05,5494.0,19740.92,14932.34,2109.43,2.61
M00098,GourmetShop 98,Food,Nouvelle-Aquitaine,24642.88,355,333,69.42,1,41,507.64,3972.49,12035.83,7055.11,811.79,0.85
M00099,AutoCenter 99,Automotive,Ile-de-France,362909.62,326,303,1113.22,5,6,24097.2,35495.56,169916.58,123869.49,24051.98,4.6
M00100,StyleShop 100,Clothing,Hauts-de-France,62512.67,279,265,224.06,22,24,1319.02,8007.79,30221.93,18953.77,3303.25,0.72
M00101,AutoCenter 101,Automotive,Nouvelle-Aquitaine,96765.25,131,126,738.67,55,24,5757.53,16325.17,39852.34,35138.46,5427.97,3.05
M00102,HomeStyle 102,Home & Garden,Ile-de-France,216282.51,476,427,454.38,6,18,17086.32,26110.04,91636.14,81343.48,12570.75,2.1
M00103,WellnessStore 103,Health,Nouvelle-Aquitaine,31787.15,211,198,150.65,26,36,1261.95,4596.84,13717.54,11363.81,1115.11,0.95
M00104,ToyLand 104,Toys,Auvergne-Rhône-Alpes,19930.83,187,173,106.58,36,49,1458.94,3392.42,9871.04,5208.74,949.15,1.07
M00105,FreshMarket 105,Food,Grand Est,22303.97,292,271,76.38,7,31,1054.98,2897.51,9037.23,8411.55,1264.01,2.4
M00106,VitalShop 106,Health,Ile-de-France,31446.44,198,186,158.82,28,67,2459.11,4054.2,14272.7,10301.35,1893.77,1.52
M00107,BookHaven 107,Books,Ile-de-France,11203.15,270,252,41.49,14,102,322.65,1265.8,4384.72,4359.6,648.93,1.85
M00108,HealthHub 108,Health,Ile-de-France,19994.74,161,155,124.19,53,85,1445.62,2862.83,7899.15,7145.87,1122.24,0.62
M00109,BeautyWorld 109,Beauty,Ile-de-France,23279.19,193,179,120.62,22,77,2269.72,1758.78,10059.01,8582.79,553.3,1.04
M00110,WellnessStore 110,Health,Provence-Alpes-Côte d'Azur,12268.09,76,75,161.42,68,35,215.92,2115.83,5831.86,3142.44,786.28,1.32
M00111,ToyLand 111,Toys,Ile-de-France,19618.93,216,203,90.83,39,87,1853.99,3707.45,6658.42,6950.97,1836.7,1.39
M00112,TechStore 112,Electronics,Provence-Alpes-Côte d'Azur,476067.01,308,287,1545.67,4,2,47130.63,58988.88,222300.86,173276.8,13569.19,4.87
M00113,HealthHub 113,Health,Nouvelle-Aquitaine,19807.22,158,144,125.36,54,50,1279.55,2009.67,9916.25,4914.61,872.56,1.27
M00114,AutoCenter 114,Automotive,Pays de la Loire,214256.17,174,167,1231.36,33,4,2849.61,27725.0,104089.53,69547.59,5069.65,5.17
M00115,WellnessStore 115,Health,Occitanie,35307.44,261,249,135.28,20,26,1518.22,3846.1,17246.35,10382.74,2481.45,1.15
M00116,WellnessStore 116,Health,Auvergne-Rhône-Alpes,5967.82,56,55,106.57,74,76,512.04,1131.24,2042.93,2402.26,345.47,0.0
M00117,ToyHub 117,Toys,Hauts-de-France,30850.32,261,246,118.2,11,34,2569.83,4877.49,14450.51,8813.42,1789.53,1.15
M00118,BookHaven 118,Books,Hauts-de-France,4279.88,98,97,43.67,62,54,371.49,400.14,2048.76,1382.42,171.59,0.0
M00119,GlowShop 119,Beauty,Auvergne-Rhône-Alpes,19955.68,187,175,106.71,35,48,810.2,2161.79,7952.13,6752.56,1737.5,1.07
M00120,FoodMart 120,Food,Pays de la Loire,11951.94,244,232,48.98,38,25,307.16,1295.63,5965.49,3538.72,1017.13,1.23
M00122,ElectroWorld 122,Electronics,Auvergne-Rhône-Alpes,359914.95,251,233,1433.92,19,4,20047.26,54578.86,158373.66,116401.49,13595.26,6.37
M00123,CosmeticHub 123,Beauty,Auvergne-Rhône-Alpes,27282.54,292,274,93.43,12,38,2387.22,3804.21,11526.75,9679.11,1221.37,1.03
M00124,WellnessStore 124,Health,Grand Est,62722.63,371,337,169.06,1,17,5463.14,8857.49,26756.87,22375.75,2698.93,1.62
M00125,HomeStyle 125,Home & Garden,Hauts-de-France,109807.3,180,169,610.04,40,17,6423.73,7974.13,46404.45,46920.17,4625.23,3.89
M00126,FoodHub 126,Food,Ile-de-France,17221.04,304,287,56.65,18,92,1436.23,2554.52,7359.84,6140.85,845.78,0.66
M00127,SportZone 127,Sports,Auvergne-Rhône-Alpes,96886.1,214,201,452.74,25,24,3575.1,9880.05,38958.25,31132.24,6351.8,0.47
M00128,FoodHub 128,Food,Bretagne,8116.29,131,124,61.96,50,37,587.62,1629.06,3749.1,1836.62,365.78,2.29
M00129,GourmetShop 129,Food,Auvergne-Rhône-Alpes,13087.99,290,275,45.13,33,62,193.7,1951.89,6080.81,4163.4,360.95,1.38
M00130,FoodHub 130,Food,Grand Est,4498.57,86,83,52.31,57,50,243.37,581.84,1711.12,1656.74,255.74,0.0
M00131,BeautyWorld 131,Beauty,Auvergne-Rhône-Alpes,15164.2,146,146,103.86,52,57,649.03,1508.81,7644.16,4526.21,1292.9,0.0
M00132,BeautyWorld 132,Beauty,,20575.18,183,173,112.43,31,8,958.8,2209.79,10877.02,6049.26,1046.18,0.55
M00133,DecorShop 133,Home & Garden,Ile-de-France,107375.76,233,224,460.84,42,32,1148.92,10920.74,46394.21,41065.0,6296.59,1.29
M00134,BookHaven 134,Books,Nouvelle-Aquitaine,9508.95,194,181,49.02,32,69,118.86,1334.44,4036.17,3621.0,402.65,1.03
M00135,CosmeticHub 135,Beauty,Nouvelle-Aquitaine,43978.58,248,233,177.33,1,30,2154.95,5558.06,22065.17,13132.21,2217.9,4.84
M00136,FoodHub 136,Food,Grand Est,10555.81,150,144,70.37,42,44,575.29,1660.87,4496.1,3880.41,476.76,0.67
M00137,DecorShop 137,Home & Garden,Bretagne,54288.04,144,138,377.0,47,24,2605.83,10026.46,20848.5,19089.62,3616.05,2.08
M00138,PlayShop 138,Toys,Provence-Alpes-Côte d'Azur,28512.36,234,221,121.85,15,23,2771.4,3454.17,13543.29,8582.89,1599.12,0.43
M00139,VitalShop 139,Health,Normandie,29253.26,193,189,151.57,35,19,848.34,3362.24,14526.9,8376.1,2191.86,0.52
M00140,TrendyWear 140,Clothing,Nouvelle-Aquitaine,58507.98,289,271,202.45,24,26,4159.92,6677.16,26228.09,21797.16,3066.07,1.04
M00141,FoodMart 141,Food,Auvergne-Rhône-Alpes,16177.82,332,314,48.73,22,55,792.71,1476.06,6933.34,6067.68,1189.29,2.11
M00142,KidsWorld 142,Toys,Bretagne,43142.15,380,345,113.53,3,25,2946.61,6723.25,21396.04,12046.61,2311.2,2.37
M00143,MotorHub 143,Automotive,Nouvelle-Aquitaine,175368.32,232,220,755.9,40,16,9276.98,31148.51,81199.3,51075.1,7687.23,0.86
M00144,HealthHub 144,Health,Occitanie,53625.5,330,300,162.5,2,20,1201.21,7814.92,21524.73,19656.34,1630.85,2.12
M00145,FoodHub 145,Food,Occitanie,19884.15,239,226,83.2,10,36,1288.49,2207.97,9699.87,6661.07,734.72,1.67
M00146,SportZone 146,Sports,Nouvelle-Aquitaine,89423.15,299,276,299.07,27,25,2942.02,8774.82,44789.62,29285.24,4330.71,2.68
M00147,ReadMore 147,Books,Nouvelle-Aquitaine,10238.05,267,245,38.34,23,67,863.07,1952.95,4360.03,3229.78,512.43,1.5
M00148,BeautyWorld 148,Beauty,Auvergne-Rhône-Alpes,12629.75,151,144,83.64,62,63,217.23,1458.34,5200.1,5098.97,373.84,1.32
M00149,DigitalHub 149,Electronics,Normandie,297984.0,271,251,1099.57,26,3,18117.43,27083.02,156077.89,96284.44,11425.35,2.95
M00150,PlayShop 150,Toys,Hauts-de-France,20555.7,212,202,96.96,35,38,489.23,2941.38,10570.26,5556.14,1042.81,0.94
M00151,DecorShop 151,Home & Garden,Ile-de-France,172529.64,347,314,497.2,16,23,3157.29,23917.53,89188.78,52988.31,2355.8,1.73
M00152,GlowShop 152,Beauty,Bretagne,17612.08,195,183,90.32,44,30,1363.17,2825.5,6137.69,6888.57,853.62,2.05
M00153,LibraryShop 153,Books,Provence-Alpes-Côte d'Azur,15552.69,358,331,43.44,3,31,584.78,2213.43,6823.52,5266.98,804.96,2.23
M00154,WellnessStore 154,Health,Provence-Alpes-Côte d'Azur,31471.57,267,251,117.87,27,19,1642.82,4573.99,13517.14,11232.57,1577.22,1.87
M00155,FashionStore 155,Clothing,Occitanie,41437.41,206,198,201.15,37,24,3580.19,5354.75,16055.52,15679.67,3287.9,0.49
M00156,KidsWorld 156,Toys,Auvergne-Rhône-Alpes,27019.86,263,241,102.74,17,39,718.73,2852.9,11017.44,11167.74,906.03,1.14
M00157,TrendyWear 157,Clothing,Hauts-de-France,70587.71,251,233,281.23,16,22,3776.44,5874.16,35587.23,19786.17,4369.1,2.79
M00158,ElectroWorld 158,Electronics,Nouvelle-Aquitaine,441831.29,287,263,1539.48,9,1,5787.99,47422.46,230334.03,124807.7,22935.89,5.92
M00159,WellnessStore 159,Health,Auvergne-Rhône-Alpes,31069.68,285,271,109.02,29,37,1767.86,3062.4,14788.41,10590.09,2160.34,1.05
M00160,AutoCenter 160,Automotive,Ile-de-France,464495.11,360,325,1290.26,1,2,29820.59,48905.59,235010.55,148536.56,17041.45,4.72
M00161,CosmeticHub 161,Beauty,Ile-de-France,21662.83,228,214,95.01,27,79,935.83,2017.97,11241.39,6474.92,1026.37,0.0
M00162,TrendyWear 162,Clothing,Ile-de-France,65960.19,359,334,183.73,20,47,3067.15,9506.01,30216.84,22001.85,2981.94,1.67
M00163,LibraryShop 163,Books,Nouvelle-Aquitaine,4842.14,160,153,30.26,58,75,50.84,781.82,1787.78,1501.43,661.5,0.63
M00164,TrendyWear 164,Clothing,Provence-Alpes-Côte d'Azur,72552.5,352,322,206.12,15,15,1828.32,8620.92,29631.89,26023.92,6980.72,1.7
M00165,MotorHub 165,Automotive,Auvergne-Rhône-Alpes,323278.46,283,262,1142.33,9,5,30485.16,42691.22,135809.25,113081.64,23667.8,3.53
M00166,TechStore 166,Electronics,Ile-de-France,442091.83,381,353,1160.35,8,3,22237.22,85448.48,169518.24,149947.43,23236.68,4.2
M00167,GadgetShop 167,Electronics,Pays de la Loire,174054.7,169,159,1029.91,53,8,9816.69,14384.87,76192.09,68598.62,5544.54,4.14
M00168,TechStore 168,Electronics,Ile-de-France,184909.85,115,112,1607.91,48,20,3365.36,16848.79,95812.58,65009.12,5235.28,3.48
M00169,BookHaven 169,Books,Ile-de-France,10551.59,251,239,42.04,21,103,692.18,1206.08,4766.82,3331.28,826.38,2.79
M00170,ElectroWorld 170,Electronics,Ile-de-France,180433.49,134,132,1346.52,51,21,13189.69,29819.18,79245.56,52221.32,15027.84,4.48
M00171,CosmeticHub 171,Beauty,Grand Est,29860.92,253,230,118.03,10,24,1866.31,4014.25,14609.5,8195.87,1565.08,2.77
M00172,FashionStore 172,Clothing,Hauts-de-France,55915.64,317,289,176.39,26,26,1705.43,7210.11,24524.53,18771.51,3829.96,1.89
M00173,PlayShop 173,Toys,Auvergne-Rhône-Alpes,37916.86,351,315,108.03,6,31,432.25,4792.31,17774.39,12554.88,2123.2,2.28
M00174,KidsWorld 174,Toys,Grand Est,24306.33,214,203,113.58,26,28,634.4,5042.44,8279.45,8656.22,1475.08,1.4
M00175,ClothingHub 175,Clothing,Auvergne-Rhône-Alpes,54444.05,242,230,224.98,27,28,4252.08,6516.13,28107.11,15846.24,2839.98,1.65
M00176,ToyHub 176,Toys,Occitanie,29082.64,288,266,100.98,14,27,340.27,4175.97,11390.7,9593.99,2621.6,2.43
M00177,BookCorner 177,Books,Pays de la Loire,8869.95,195,189,45.49,41,28,710.48,747.34,4647.9,2511.77,521.63,1.03
M00178,WellnessStore 178,Health,Ile-de-France,25695.58,158,152,162.63,40,76,1528.89,2787.49,10717.27,9642.72,1874.88,0.63
M00179,FoodMart 179,Food,Ile-de-France,10549.27,148,143,71.28,43,104,767.99,1471.7,5063.09,3562.58,301.77,1.35
M00180,ToyHub 180,Toys,Bretagne,5988.27,110,105,54.44,58,39,104.79,592.96,3293.92,1819.15,101.16,2.73
M00182,StyleShop 182,Clothing,Grand Est,81528.82,282,266,289.11,10,15,4973.26,15009.87,36230.65,25475.59,3684.81,1.77
M00183,CarParts 183,Automotive,Nouvelle-Aquitaine,263666.2,310,290,850.54,20,10,20117.73,36324.94,124231.29,82027.34,17617.77,1.29
M00184,HealthShop 184,Health,Grand Est,10955.7,107,103,102.39,70,42,849.07,2646.87,4147.06,3448.3,134.58,2.8
M00185,GourmetShop 185,Food,Ile-de-France,15283.17,196,188,77.98,24,98,158.94,2190.82,7287.64,4843.89,616.2,2.55
M00186,GlowShop 186,Beauty,Nouvelle-Aquitaine,36129.85,330,307,109.48,5,33,1181.45,3876.98,16568.93,11944.74,1919.67,1.21
M00187,HealthHub 187,Health,Nouvelle-Aquitaine,31971.77,229,222,139.61,25,35,2119.73,2643.36,15060.13,12402.5,790.29,2.18
M00188,HealthShop 188,Health,Auvergne-Rhône-Alpes,20156.45,87,84,231.68,52,47,790.13,2594.33,6897.97,8468.79,1389.01,1.15
M00189,ReadMore 189,Books,Occitanie,9846.68,193,185,51.02,28,48,492.33,1063.54,4530.14,3585.67,468.08,1.04
M00190,MotorHub 190,Automotive,Provence-Alpes-Côte d'Azur,79561.77,157,149,506.76,58,14,3731.45,11580.37,34445.92,28002.33,3566.82,4.46
M00191,MotorHub 191,Automotive,Ile-de-France,219528.67,180,177,1219.6,30,17,13018.05,22681.58,102478.74,75065.56,11641.24,2.78
M00192,ClothingHub 192,Clothing,Provence-Alpes-Côte d'Azur,104276.15,401,362,260.04,2,12,8175.25,14044.91,56732.88,24797.39,6787.05,2.24
M00193,ToyLand 193,Toys,Ile-de-France,38884.0,397,358,97.94,5,58,742.68,6411.59,15798.74,12677.07,2424.67,1.51
M00194,ToyLand 194,Toys,Grand Est,16727.81,148,142,113.03,49,35,761.12,2385.49,7790.51,5621.66,669.62,0.68
M00195,SportHub 195,Sports,Hauts-de-France,183779.96,419,373,438.62,1,9,8086.32,19066.81,81897.88,66949.32,8114.57,2.63
M00196,MotorHub 196,Automotive,Auvergne-Rhône-Alpes,229785.61,281,266,817.74,27,10,12822.04,22844.32,100072.55,76244.76,17395.18,2.85
M00197,TechStore 197,Electronics,Ile-de-France,376116.99,255,241,1474.97,16,4,18316.9,38868.34,181878.27,127307.91,12923.05,2.75
M00198,ActiveWear 198,Sports,Bretagne,171997.34,463,422,371.48,2,10,11575.42,24504.01,71828.79,63021.78,7151.83,2.38
M00199,GadgetShop 199,Electronics,Pays de la Loire,212355.94,152,143,1397.08,42,5,11934.4,27548.65,100320.7,74747.73,8986.3,6.58
M00200,GlowShop 200,Beauty,Auvergne-Rhône-Alpes,13601.36,140,136,97.15,57,61,982.02,2577.45,5038.27,5269.73,591.37,1.43
M00201,GlowShop 201,Beauty,Nouvelle-Aquitaine,9844.77,92,90,107.01,66,68,975.62,1929.81,4903.49,2590.48,28.01,0.0
M00202,ToyLand 202,Toys,Nouvelle-Aquitaine,18027.09,187,175,96.4,45,52,876.12,3068.62,7277.16,6197.97,880.92,1.6
M00203,SportHub 203,Sports,Hauts-de-France,87998.63,231,216,380.95,29,20,3871.94,9456.81,40643.34,33545.27,2990.04,2.16
M00204,DigitalHub 204,Electronics,Auvergne-Rhône-Alpes,401864.08,236,219,1702.81,12,2,21740.85,53932.07,187227.56,133821.52,15939.01,6.36
M00205,PlayShop 205,Toys,Occitanie,25978.81,259,243,100.3,20,29,704.03,4260.87,10863.41,8283.31,1608.93,1.16
M00206,DigitalHub 206,Electronics,Ile-de-France,358782.78,237,219,1513.85,20,8,16432.25,32846.63,156164.01,145173.7,11791.66,4.64
M00207,HealthHub 207,Health,Bretagne,6048.45,94,90,64.35,73,38,401.62,1039.09,2569.52,2024.66,136.96,1.06
M00208,ToyLand 208,Toys,Auvergne-Rhône-Alpes,21830.34,223,209,97.89,32,46,224.85,2337.68,9073.6,7988.63,1469.97,1.79
M00209,BookHaven 209,Books,Occitanie,8532.69,131,123,65.14,43,51,402.74,1041.98,3899.23,2788.89,691.78,3.05
M00210,BookCorner 210,Books,Pays de la Loire,8268.81,199,190,41.55,45,30,336.54,1080.08,4042.3,2665.98,375.45,2.01
M00211,FoodMart 211,Food,Nouvelle-Aquitaine,13996.9,268,245,52.23,31,57,327.53,1627.38,5923.66,4877.83,868.27,1.12
M00213,FoodMart 213,Food,Grand Est,8952.0,176,169,50.86,48,48,430.59,1100.34,4007.09,3129.03,497.15,1.7
M00214,ReadMore 214,Books,Ile-de-France,8066.1,185,173,43.6,46,110,425.89,1584.83,3352.39,2418.5,412.36,1.08
M00215,LibraryShop 215,Books,Auvergne-Rhône-Alpes,11040.24,264,251,41.82,15,67,746.32,1408.22,5255.47,3829.01,282.44,1.52
M00216,AutoShop 216,Automotive,Ile-de-France,248270.04,263,245,943.99,24,14,23734.62,21381.03,146499.41,59480.03,9110.11,3.42
M00217,TechStore 217,Electronics,Auvergne-Rhône-Alpes,218020.66,149,140,1463.23,41,11,17899.5,32354.07,100169.15,67439.89,9681.16,6.04
M00218,BookCorner 218,Books,Normandie,15987.57,339,322,47.16,2,28,268.59,2145.21,7529.24,5249.99,558.89,2.06
M00220,SportHub 220,Sports,Provence-Alpes-Côte d'Azur,140545.89,315,287,446.18,9,9,9051.16,18283.65,49726.19,60595.69,6687.62,3.81
M00221,GourmetShop 221,Food,Ile-de-France,19758.36,268,249,73.73,11,86,1282.32,3027.38,8362.95,7037.03,804.61,0.75
M00222,BeautyCorner 222,Beauty,Nouvelle-Aquitaine,23843.98,223,212,106.92,19,46,2067.27,2736.02,8343.05,9318.74,1642.76,1.79
M00223,AutoShop 223,Automotive,Ile-de-France,258177.9,252,243,1024.52,22,13,21506.22,36742.93,110834.29,97481.18,10722.29,3.17
M00224,MotorHub 224,Automotive,Ile-de-France,280534.73,254,240,1104.47,19,12,18122.54,30787.61,146000.32,86930.88,9568.26,4.72
M00225,TechStore 225,Electronics,Grand Est,592105.25,383,351,1545.97,1,1,44703.95,73697.22,242289.37,231451.85,25333.28,4.7
M00226,BookHaven 226,Books,Grand Est,5492.87,196,186,28.02,55,49,357.59,744.8,2469.2,2069.76,122.41,1.02
M00227,FitnessShop 227,Sports,Bretagne,67914.51,234,222,290.23,42,22,5990.06,9874.64,29674.8,20255.42,2981.88,2.99
M00228,PlayShop 228,Toys,Nouvelle-Aquitaine,25422.47,266,250,95.57,24,40,1118.59,2841.0,9366.38,10917.87,1238.05,1.5
M00229,GadgetShop 229,Electronics,Provence-Alpes-Côte d'Azur,129463.45,105,102,1232.99,61,10,10525.38,32736.31,42021.48,45669.19,3736.11,3.81
M00230,HealthShop 230,Health,Nouvelle-Aquitaine,38198.83,319,294,119.75,13,32,534.78,5043.59,16260.43,14086.58,1830.53,1.25
M00231,GadgetShop 231,Electronics,Bretagne,241186.7,168,159,1435.64,36,6,19632.6,52541.87,94385.72,75325.22,8200.35,5.95
M00232,BookHaven 232,Books,Auvergne-Rhône-Alpes,9974.47,271,254,36.81,27,70,369.06,1310.35,4715.6,3276.99,211.08,1.85
M00233,CarParts 233,Automotive,Auvergne-Rhône-Alpes,155110.19,132,123,1175.08,45,17,2636.87,23203.84,51295.43,70973.36,4212.07,6.82
M00234,FoodMart 234,Food,Normandie,22425.04,373,338,60.12,6,22,2164.02,2414.26,9756.72,8198.61,1083.71,2.41
M00235,BeautyCorner 235,Beauty,Grand Est,13769.32,141,135,97.65,56,39,802.75,1818.73,6731.63,4249.31,416.79,0.0
M00236,SportZone 236,Sports,Ile-de-France,79641.48,218,200,365.33,36,40,7064.2,12152.57,31952.07,27526.19,6381.88,3.67
M00237,TrendyWear 237,Clothing,Normandie,51281.71,293,281,175.02,29,17,4179.46,7088.54,24810.21,14727.65,2699.73,1.71
M00238,ReadMore 238,Books,Ile-de-France,12418.72,278,256,44.67,9,101,1208.34,1555.82,5888.0,4000.56,748.51,2.52
M00239,BeautyWorld 239,Beauty,Nouvelle-Aquitaine,16137.82,205,194,78.72,49,54,700.38,3407.37,7502.12,3694.73,1047.04,1.46
M00240,WellnessStore 240,Health,Nouvelle-Aquitaine,35849.89,270,249,132.78,19,34,842.47,3789.66,15712.12,13377.39,1273.53,2.22
M00241,CosmeticHub 241,Beauty,Provence-Alpes-Côte d'Azur,18250.66,194,183,94.08,41,28,295.66,2749.21,6769.57,7278.39,970.7,2.06
M00242,FitnessShop 242,Sports,Occitanie,56651.81,137,133,413.52,45,19,3807.0,6834.24,22425.42,21549.44,2697.91,2.92
M00243,GadgetShop 243,Electronics,Pays de la Loire,451582.73,290,268,1557.18,6,1,21992.08,64057.37,182617.48,176834.14,12854.14,4.48
M00244,AutoCenter 244,Automotive,Grand Est,215288.49,273,251,788.6,32,6,6135.72,31370.13,89921.07,78142.67,7710.09,4.03
M00245,FreshMarket 245,Food,Normandie,14822.56,230,221,64.45,26,31,406.14,2385.32,6436.46,4837.95,710.63,0.87
M00246,KidsWorld 246,Toys,Nouvelle-Aquitaine,21326.91,195,181,109.37,34,49,356.16,3144.62,10788.16,5620.91,1054.87,0.51
M00247,GadgetShop 247,Electronics,Grand Est,206047.63,145,141,1421.02,44,7,7191.06,32040.49,90895.61,78901.93,4101.38,4.14
M00248,ClothingHub 248,Clothing,Auvergne-Rhône-Alpes,59778.18,276,264,216.59,23,27,2229.73,7177.56,29130.21,19241.48,3076.18,1.09
M00249,BeautyWorld 249,Beauty,Ile-de-France,38637.01,254,245,152.11,3,60,1170.7,5252.12,16227.71,11796.19,3984.97,1.57
M00250,GlowShop 250,Beauty,Ile-de-France,15587.84,126,122,123.71,50,95,428.67,1410.89,6934.79,6223.72,459.02,3.17
M00251,CarParts 251,Automotive,Auvergne-Rhône-Alpes,193729.31,237,224,817.42,37,13,13212.34,26984.42,98816.11,59457.59,4992.62,2.11
M00252,DecorShop 252,Home & Garden,Provence-Alpes-Côte d'Azur,67809.99,145,139,467.66,45,16,6401.26,7971.58,26016.55,23695.26,3337.42,2.07
M00253,HealthShop 253,Health,Grand Est,11043.83,80,76,138.05,69,41,395.37,782.5,5973.24,4125.0,163.09,5.0
M00254,BeautyWorld 254,Beauty,Nouvelle-Aquitaine,13393.87,137,134,97.77,59,59,1261.7,1573.87,6187.52,4845.08,509.45,2.19
M00255,AutoCenter 255,Automotive,Normandie,161429.28,152,146,1062.03,44,7,3825.87,19816.7,71701.12,54743.32,8825.69,4.61
M00256,VitalShop 256,Health,Auvergne-Rhône-Alpes,37152.95,207,199,179.48,16,32,783.93,4757.4,16010.87,14891.62,963.71,0.48
M00257,KidsWorld 257,Toys,Auvergne-Rhône-Alpes,19808.92,266,251,74.47,37,50,730.95,3778.22,8194.52,5607.4,1775.72,3.01
M00258,DigitalHub 258,Electronics,Provence-Alpes-Côte d'Azur,553076.97,355,328,1557.96,2,1,10010.69,71923.96,261596.96,178314.31,24095.08,9.86
M00259,ClothingHub 259,Clothing,Ile-de-France,38899.75,251,236,154.98,38,57,3835.52,4268.31,15654.76,13362.17,5351.1,3.19
M00260,TrendyWear 260,Clothing,Ile-de-France,66974.16,322,293,207.99,19,46,3676.88,10752.06,30236.69,19164.81,4836.88,1.86
M00261,BeautyCorner 261,Beauty,Hauts-de-France,19476.17,181,174,107.6,36,40,1273.74,2263.13,8215.42,7094.65,981.82,0.0
M00262,GadgetShop 262,Electronics,Provence-Alpes-Côte d'Azur,471950.29,385,350,1225.84,5,3,44504.91,62832.41,184341.06,188268.08,21949.08,5.45
M00263,VitalShop 263,Health,Grand Est,21691.79,158,152,137.29,49,32,885.03,3301.59,9442.41,7253.17,1056.58,3.8
M00264,DecorShop 264,Home & Garden,Normandie,209978.06,364,336,576.86,8,5,12577.69,23000.89,113560.69,63484.58,5476.26,3.3
M00265,GlowShop 265,Beauty,Hauts-de-France,10923.62,160,148,68.27,64,50,859.69,1122.96,6327.07,3013.83,205.01,1.25
M00266,ElectroWorld 266,Electronics,Normandie,409816.93,192,180,2134.46,11,1,6024.31,38487.14,168934.71,148400.09,47872.48,8.85
M00267,SportZone 267,Sports,Ile-de-France,79096.1,230,218,343.9,37,41,5489.27,10957.45,38774.39,24057.17,3441.0,1.3
M00268,KidsWorld 268,Toys,Bretagne,26341.54,253,231,104.12,18,27,890.34,4402.6,10224.04,9079.21,2065.56,1.58
M00269,FashionStore 269,Clothing,Grand Est,27758.33,135,133,205.62,43,25,971.54,4210.12,12526.36,8711.76,2151.73,1.48
M00270,FashionStore 270,Clothing,Ile-de-France,118785.76,489,431,242.92,1,29,9098.99,23615.7,46763.74,38390.86,7234.32,1.84
M00271,BeautyCorner 271,Beauty,Ile-de-France,12722.46,146,141,87.14,61,100,1160.29,1569.38,6667.92,3556.26,485.62,1.37
M00272,FoodHub 272,Food,Ile-de-France,4217.11,93,89,45.35,59,118,327.25,474.75,2194.05,1103.43,155.5,1.08
M00274,PlayShop 274,Toys,Normandie,19413.51,215,204,90.3,42,24,1256.05,2024.98,9692.82,5797.93,1238.29,0.93
M00275,FitnessShop 275,Sports,Provence-Alpes-Côte d'Azur,143376.8,362,333,396.07,7,7,14065.26,17633.79,71853.12,45742.1,5208.53,1.93
M00276,StyleShop 276,Clothing,Ile-de-France,72694.46,372,333,195.42,14,43,1999.1,7753.23,37092.31,21815.87,3431.2,1.88
M00277,AutoShop 277,Automotive,Occitanie,256670.51,226,213,1135.71,23,6,7674.45,26252.18,119390.75,86567.4,17355.09,4.42
M00278,StyleShop 278,Clothing,Occitanie,42928.85,218,208,196.92,35,23,2185.08,2904.75,17727.24,18129.69,1830.44,1.83
M00279,MotorHub 279,Automotive,Grand Est,341322.8,270,252,1264.16,7,3,11878.03,37646.26,163056.63,110873.59,16584.28,2.59
M00280,HealthHub 280,Health,Provence-Alpes-Côte d'Azur,18281.96,137,134,133.44,56,27,1645.38,2926.29,6300.27,7577.14,788.73,1.46
M00281,BeautyCorner 281,Beauty,Nouvelle-Aquitaine,24236.1,255,237,95.04,18,44,504.11,4168.44,10279.32,8199.59,668.08,3.14
M00282,CarParts 282,Automotive,Occitanie,170751.27,134,128,1274.26,41,12,3705.3,23408.53,80157.92,53684.7,4349.42,2.99
M00283,HomeCenter 283,Home & Garden,Auvergne-Rhône-Alpes,131899.19,254,244,519.29,33,22,9312.08,25901.58,55889.06,40043.18,7263.2,2.76
M00284,GadgetShop 284,Electronics,Hauts-de-France,250098.0,218,208,1147.24,35,3,8653.39,31185.26,124068.2,78106.18,8489.42,4.59
M00285,HealthHub 285,Health,Bretagne,17686.38,169,165,104.65,57,29,1372.46,2264.48,8788.59,5906.66,396.37,1.18
M00286,BookCorner 286,Books,Pays de la Loire,9515.28,176,169,54.06,31,27,435.8,1019.45,4207.65,3418.12,419.75,1.7
M00287,GourmetShop 287,Food,Hauts-de-France,4641.36,138,131,33.63,56,53,214.89,707.47,2062.94,1436.77,346.04,1.45
M00288,BeautyWorld 288,Beauty,Ile-de-France,17345.3,194,183,89.41,45,90,258.44,2805.33,7652.44,6127.42,464.19,0.52
M00289,DigitalHub 289,Electronics,Grand Est,270715.75,147,141,1841.6,31,5,3167.37,35767.17,117389.26,100817.79,10994.14,4.08
M00290,HealthShop 290,Health,Hauts-de-France,16930.7,140,132,120.93,58,45,333.53,1085.67,8892.71,6018.01,641.36,0.71
M00291,TechStore 291,Electronics,Occitanie,219942.21,194,183,1133.72,40,8,21400.38,24106.45,102152.8,84655.53,4130.19,4.12
M00292,GadgetShop 292,Electronics,Ile-de-France,223779.05,129,126,1734.72,39,16,2976.26,25839.06,104221.24,75511.57,11492.35,7.75
M00293,BeautyCorner 293,Beauty,Grand Est,21103.78,201,191,104.99,30,33,1530.02,2663.7,9342.71,8203.78,411.65,1.99
M00294,ReadMore 294,Books,Pays de la Loire,8858.01,203,196,43.64,42,29,804.31,1040.54,3822.66,3407.38,321.97,0.0
M00295,AutoCenter 295,Automotive,Nouvelle-Aquitaine,123685.99,185,179,668.57,52,20,2127.4,16610.09,53666.06,34858.98,14277.11,4.32
M00296,FoodMart 296,Food,Occitanie,17986.31,201,196,89.48,15,39,1714.1,3435.9,6860.74,6012.8,1186.92,1.49
M00297,GadgetShop 297,Electronics,Grand Est,302867.9,188,176,1611.0,25,4,3119.54,38201.65,129517.33,95614.06,23719.69,6.91
M00298,GadgetShop 298,Electronics,Nouvelle-Aquitaine,276296.64,191,182,1446.58,30,7,21551.14,38178.44,131405.77,89864.3,8912.68,4.19
M00299,ReadMore 299,Books,Ile-de-France,7162.98,114,111,62.83,48,112,657.56,1160.28,2756.25,2652.35,357.68,1.75
M00300,FoodHub 300,Food,Ile-de-France,4277.78,124,122,34.5,58,117,426.92,496.57,1669.4,1791.88,209.2,2.42
M00301,PlayShop 301,Toys,Occitanie,25905.85,273,257,94.89,22,30,476.67,3421.61,9255.86,11304.41,1023.62,1.47
M00302,GourmetShop 302,Food,Ile-de-France,7148.73,108,105,66.19,54,113,289.52,1282.18,2866.16,2719.71,107.73,0.0
M00303,WellnessStore 303,Health,Provence-Alpes-Côte d'Azur,14260.41,90,89,158.45,64,33,360.79,2082.23,6400.81,4420.37,624.12,0.0
M00304,SportZone 304,Sports,Auvergne-Rhône-Alpes,33857.59,133,130,254.57,50,35,524.79,4209.71,16269.57,9821.76,2132.96,1.5
M00305,GourmetShop 305,Food,Occitanie,21440.28,349,330,61.43,8,35,452.39,2865.1,8268.17,8279.92,1162.97,1.15
M00306,BeautyWorld 306,Beauty,Pays de la Loire,14536.54,165,158,88.1,55,21,1270.49,2092.71,6381.21,4503.91,1123.37,1.21
M00307,SportZone 307,Sports,Bretagne,111359.69,348,327,320.0,16,16,10389.86,10160.12,43942.02,43994.23,7411.47,1.15
M00308,PlayShop 308,Toys,Auvergne-Rhône-Alpes,34009.43,305,287,111.51,8,34,2006.56,5097.64,15425.47,11605.23,1231.59,0.33
M00309,GardenWorld 309,Home & Garden,Nouvelle-Aquitaine,108453.78,219,208,495.22,41,23,10520.02,16545.51,46270.58,35282.3,7645.48,1.37
M00310,GardenWorld 310,Home & Garden,Occitanie,151497.72,333,315,454.95,23,14,12241.02,20792.76,67818.44,54050.56,5249.42,2.7
M00311,CosmeticHub 311,Beauty,Hauts-de-France,18929.92,184,177,102.88,38,42,522.47,3431.11,8728.97,5721.22,702.18,2.72
M00312,BeautyWorld 312,Beauty,Auvergne-Rhône-Alpes,16190.96,202,191,80.15,48,54,825.74,2162.37,6707.7,6254.73,956.94,0.99
M00313,GourmetShop 313,Food,Auvergne-Rhône-Alpes,12337.37,208,198,59.31,36,64,1218.93,2414.74,5423.4,3443.19,752.53,0.96
M00314,PlayShop 314,Toys,Occitanie,16476.11,195,190,84.49,50,43,416.85,1480.57,8109.22,5130.64,1051.51,0.51
M00315,TechStore 315,Electronics,Occitanie,444903.1,313,289,1421.42,7,1,40219.24,48039.6,186331.19,173792.36,29525.17,5.11
M00316,FreshMarket 316,Food,Grand Est,9426.9,130,126,72.51,45,45,116.89,2283.97,4083.95,2296.16,413.21,1.54
M00317,AutoShop 317,Automotive,Ile-de-France,322341.2,269,246,1198.29,10,9,9702.47,42170.59,137372.01,119831.63,16348.6,3.35
M00318,HealthShop 318,Health,Ile-de-France,29773.05,192,180,155.07,32,69,458.5,2562.83,11455.41,12741.85,1823.4,3.13
M00319,ReadMore 319,Books,Auvergne-Rhône-Alpes,8992.39,190,175,47.33,40,73,343.51,999.6,3830.57,3342.44,706.83,1.05
M00320,HealthShop 320,Health,Auvergne-Rhône-Alpes,23158.58,149,136,155.43,47,44,1794.79,4422.77,8488.51,8578.54,955.8,1.34
M00321,FreshMarket 321,Food,Nouvelle-Aquitaine,12474.9,178,165,70.08,35,61,533.93,1948.33,3991.95,5657.69,497.08,2.81
M00322,ToyLand 322,Toys,Occitanie,11378.68,121,115,94.04,57,47,958.08,1256.19,3669.23,5730.46,444.24,3.31
M00323,GourmetShop 323,Food,Grand Est,16552.03,226,209,73.24,19,36,1123.88,2703.28,5558.99,7204.55,801.16,2.65
M00324,FoodMart 324,Food,Grand Est,14450.99,291,277,49.66,30,38,371.39,1778.73,6430.17,5227.69,255.35,1.72
M00325,StyleShop 325,Clothing,Ile-de-France,51220.88,238,222,215.21,30,50,706.85,8415.68,21560.6,15997.14,3082.89,0.42
M00326,FoodHub 326,Food,Hauts-de-France,11606.91,149,147,77.9,40,49,1156.05,1785.98,4345.31,4395.72,476.07,0.67
M00327,FitnessShop 327,Sports,Auvergne-Rhône-Alpes,88289.88,257,245,343.54,28,25,2639.87,14154.36,37774.22,29959.79,4323.78,1.95
M00328,HealthHub 328,Health,,44166.03,268,252,164.8,7,5,3860.11,4896.43,17982.37,16589.25,3000.39,0.75
M00329,DigitalHub 329,Electronics,Pays de la Loire,327785.09,229,221,1431.38,21,2,25305.01,37672.93,153477.62,101575.39,26542.43,5.68
M00330,LibraryShop 330,Books,Occitanie,13437.71,252,236,53.32,6,44,1195.96,1885.56,5844.83,5077.59,456.2,1.19
M00331,HealthShop 331,Health,Ile-de-France,14328.15,82,81,174.73,63,99,974.31,2790.29,8721.72,2409.85,327.7,2.44
M00332,FreshMarket 332,Food,,18255.0,283,261,64.51,14,9,783.14,2769.38,6991.11,6955.39,466.89,0.35
M00333,ToyHub 333,Toys,Nouvelle-Aquitaine,40247.88,328,308,122.71,4,31,2555.74,6191.05,15589.13,14856.44,2485.07,0.61
M00334,BeautyCorner 334,Beauty,Ile-de-France,25833.72,282,267,91.61,16,75,503.76,2863.96,11719.69,8531.67,1638.5,1.42
M00335,AutoShop 335,Automotive,Nouvelle-Aquitaine,321220.89,237,222,1355.36,11,4,4432.85,72604.92,130793.45,99482.87,12429.36,3.8
M00336,TechStore 336,Electronics,Nouvelle-Aquitaine,267108.7,133,127,2008.34,32,8,6437.32,67583.01,106594.48,82254.85,7517.11,6.77
M00337,DecorShop 337,Home & Garden,Nouvelle-Aquitaine,180755.9,359,333,503.5,15,15,13484.39,35183.61,71477.39,63895.82,6978.47,1.67
M00338,BookHaven 338,Books,Normandie,10956.97,259,244,42.3,16,34,702.34,1594.77,4232.59,3984.91,688.26,0.77
M00339,CarParts 339,Automotive,Bretagne,358271.38,272,256,1317.17,6,3,12897.77,40907.57,133123.91,138237.43,31382.62,4.04
M00340,SportZone 340,Sports,Ile-de-France,57961.32,236,226,245.6,44,48,1698.27,8411.22,25708.57,16361.92,5505.62,2.12
M00341,BeautyCorner 341,Beauty,Pays de la Loire,22920.04,219,202,104.66,25,19,1001.61,2678.86,10399.35,8004.57,1426.97,0.0
M00342,FoodMart 342,Food,Auvergne-Rhône-Alpes,14746.96,307,289,48.04,27,58,1396.54,3145.12,6083.97,4365.93,466.57,1.3
M00343,BeautyCorner 343,Beauty,Occitanie,18269.68,184,180,99.29,40,38,1662.54,1999.71,10154.3,5510.3,341.08,2.17
M00344,BeautyCorner 344,Beauty,Nouvelle-Aquitaine,17968.61,164,158,109.56,43,53,646.87,3438.98,6696.4,5507.77,1613.15,1.22
M00345,GadgetShop 345,Electronics,Normandie,160993.35,175,170,919.96,55,8,5763.56,17677.76,74491.81,53612.35,8632.99,1.71
M00346,ToyHub 346,Toys,Grand Est,25931.04,276,257,93.95,21,26,855.72,2946.84,10985.49,8951.12,2236.46,2.17
M00347,VitalShop 347,Health,Pays de la Loire,13518.5,63,61,214.58,65,23,220.35,3913.87,5669.83,2062.91,399.56,0.0
M00348,GourmetShop 348,Food,Auvergne-Rhône-Alpes,14597.25,283,272,51.58,28,59,976.56,2378.91,5919.91,5494.37,379.54,2.12
M00349,PlayShop 349,Toys,Auvergne-Rhône-Alpes,22925.11,207,191,110.75,29,45,2283.34,2713.72,8672.73,8909.85,1930.78,2.42
M00350,HealthShop 350,Health,Hauts-de-France,33397.3,233,225,143.34,22,33,1509.56,3764.24,14868.41,10715.44,2171.32,3.0
M00351,GadgetShop 351,Electronics,Ile-de-France,203699.1,156,149,1305.76,45,19,12568.23,33736.74,111253.65,50572.01,7658.36,6.41
M00352,HomeStyle 352,Home & Garden,Hauts-de-France,186919.93,232,212,805.69,13,8,2672.95,37154.48,59117.85,74062.36,12827.37,5.17
M00353,ToyHub 353,Toys,Auvergne-Rhône-Alpes,26183.98,203,188,128.99,19,40,1461.07,3420.04,12073.47,8066.96,1726.84,0.49
M00354,ActiveWear 354,Sports,Hauts-de-France,84709.46,225,219,376.49,32,21,4540.43,13790.21,40628.75,23118.9,5112.59,1.78
M00355,LibraryShop 355,Books,Auvergne-Rhône-Alpes,6267.64,125,123,50.14,51,75,224.38,931.98,3102.53,1688.5,210.83,0.8
M00356,SportHub 356,Sports,Normandie,80930.29,156,146,518.78,35,16,4159.82,12655.33,30224.59,30342.36,3984.55,0.64
M00357,GadgetShop 357,Electronics,Hauts-de-France,150062.86,133,126,1128.29,56,11,12560.26,32187.26,50639.28,57196.2,7304.67,2.26
M00358,GourmetShop 358,Food,Bretagne,12067.65,194,183,62.2,37,34,1117.46,1483.48,4733.26,5488.27,362.64,3.09
M00359,HealthHub 359,Health,Occitanie,37610.78,164,152,229.33,15,25,3569.26,5498.44,17300.92,12267.9,1748.7,1.22
M00360,GardenWorld 360,Home & Garden,Provence-Alpes-Côte d'Azur,144151.03,230,210,626.74,27,6,8533.74,21694.88,67712.71,42419.13,6070.21,3.04
M00361,WellnessStore 361,Health,Grand Est,51143.94,262,245,195.21,3,18,4608.07,8525.6,19852.24,14567.27,6585.54,0.76
M00362,FitnessShop 362,Sports,Pays de la Loire,112422.08,274,255,410.3,15,13,1472.73,15147.77,47921.74,43262.0,2946.17,2.55
M00363,BeautyCorner 363,Beauty,Hauts-de-France,27017.26,205,203,131.79,13,35,872.66,3609.05,12443.48,8325.32,1704.41,0.49
M00364,FitnessShop 364,Sports,Ile-de-France,75360.92,243,230,310.13,39,42,926.94,11036.35,32921.98,25724.61,3603.94,2.47
M00365,FitnessShop 365,Sports,Grand Est,102137.23,253,241,403.7,21,11,1297.14,16566.88,34126.95,44187.16,2663.37,0.79
M00367,DigitalHub 367,Electronics,Bretagne,103868.28,94,90,1104.98,62,18,2388.97,12624.57,52298.32,32853.08,2735.59,1.06
M00368,SportHub 368,Sports,Auvergne-Rhône-Alpes,162250.3,432,396,375.58,3,16,8891.32,17049.36,75372.0,60311.47,4232.36,2.78
M00369,FoodMart 369,Food,Provence-Alpes-Côte d'Azur,9363.56,182,176,51.45,46,38,777.18,1126.96,3674.23,3908.34,292.45,1.1
M00370,MotorHub 370,Automotive,Ile-de-France,143674.38,146,138,984.07,46,27,7471.07,19612.36,68572.96,44396.45,7612.53,3.42
M00371,HealthHub 371,Health,Normandie,20936.19,153,142,136.84,50,23,933.75,2990.09,11155.48,6131.25,456.16,3.27
M00372,ClothingHub 372,Clothing,Ile-de-France,44193.57,261,244,169.32,33,53,3221.71,3794.51,18046.42,17631.36,3506.9,2.3
M00373,VitalShop 373,Health,Ile-de-France,27252.41,209,199,130.39,38,73,498.72,2230.57,9660.59,12763.19,1290.19,1.44
M00374,DecorShop 374,Home & Garden,Auvergne-Rhône-Alpes,244255.66,373,343,654.84,1,8,16560.53,35409.68,106803.18,81373.19,15387.87,3.22
M00375,FitnessShop 375,Sports,,78965.69,274,250,288.2,38,3,3284.97,10858.28,31346.68,27632.01,5966.05,1.09
M00376,FoodMart 376,Food,Normandie,15138.57,270,259,56.07,25,30,935.56,2090.52,7567.26,4382.53,817.59,1.85
M00377,ClothingHub 377,Clothing,Ile-de-France,85278.77,387,356,220.36,7,37,6447.08,11308.59,43398.43,23266.74,4560.69,1.81
M00378,PlayShop 378,Toys,Bretagne,12916.55,176,168,73.39,55,33,322.91,2136.75,6328.44,3843.39,504.65,0.57
M00379,BookCorner 379,Books,Auvergne-Rhône-Alpes,10907.89,185,175,58.96,18,68,865.0,1134.5,5130.45,3922.51,449.98,0.0
M00380,FreshMarket 380,Food,Ile-de-France,7006.4,169,165,41.46,55,114,489.05,1158.81,3033.22,2362.0,315.94,0.59
M00381,FreshMarket 381,Food,Hauts-de-France,18797.92,270,256,69.62,12,43,281.97,3321.66,7376.02,6516.05,930.56,1.85
M00382,AutoShop 382,Automotive,Nouvelle-Aquitaine,122936.49,199,190,617.77,53,21,4782.23,15660.01,50970.37,37859.01,14131.85,4.02
M00383,ActiveWear 383,Sports,Ile-de-France,118485.01,331,300,357.96,13,30,8625.71,18431.74,52499.95,38274.77,5511.92,1.81
M00384,StyleShop 384,Clothing,Ile-de-France,70270.32,337,311,208.52,17,44,6141.63,9347.97,28944.24,23813.51,7305.84,1.48
M00385,ElectroWorld 385,Electronics,Auvergne-Rhône-Alpes,147534.44,164,156,899.6,57,19,14709.18,18943.28,65793.25,51061.42,3659.6,3.66
M00386,LibraryShop 386,Books,Nouvelle-Aquitaine,6470.71,184,175,35.17,50,74,618.6,980.6,2525.77,2309.38,453.8,1.09
M00387,AutoCenter 387,Automotive,Pays de la Loire,134968.26,165,161,817.99,49,10,8300.55,24156.2,53140.56,45194.02,11443.2,2.42
M00388,HomeCenter 388,Home & Garden,Provence-Alpes-Côte d'Azur,189936.97,333,307,570.38,11,4,17588.16,22936.47,80379.98,62491.25,13490.72,2.4
M00391,BookHaven 391,Books,Ile-de-France,10135.87,211,195,48.04,25,106,799.72,1279.22,4542.85,3140.65,761.27,3.32
M00392,TechStore 392,Electronics,Occitanie,277425.57,178,171,1558.57,29,4,25328.95,58528.1,124160.74,68293.26,19799.66,5.06
M00393,SportHub 393,Sports,Ile-de-France,152910.76,353,323,433.17,4,26,15138.17,14945.89,60810.81,65245.62,8652.54,2.55
M00394,LibraryShop 394,Books,Hauts-de-France,5973.32,141,137,42.36,52,51,575.23,1077.46,2615.13,1884.04,376.89,0.71
M00395,HomeCenter 395,Home & Garden,Auvergne-Rhône-Alpes,148904.81,233,216,639.08,24,18,2352.7,14167.77,64524.62,61262.91,4318.88,1.72
M00396,BookHaven 396,Books,Nouvelle-Aquitaine,11977.11,230,216,52.07,12,62,840.79,1490.05,5393.51,4134.9,729.5,1.3
M00397,ActiveWear 397,Sports,Ile-de-France,82940.29,275,259,301.6,34,38,2114.98,10443.74,34996.79,31528.22,3716.82,1.82
M00398,CarParts 398,Automotive,Bretagne,218698.57,201,190,1088.05,31,8,18764.34,40168.27,92825.61,67631.47,9675.89,1.49
M00399,BeautyWorld 399,Beauty,Hauts-de-France,39306.78,318,293,123.61,2,29,1564.41,5842.75,19802.23,9500.39,2793.13,3.46
M00400,BookHaven 400,Books,Auvergne-Rhône-Alpes,4422.89,106,103,41.73,61,77,293.68,400.14,2358.09,1286.3,302.45,0.0
M00401,FashionStore 401,Clothing,Provence-Alpes-Côte d'Azur,42138.94,290,273,145.31,36,18,2570.48,5877.49,18775.38,14218.42,2321.8,1.03
M00402,ReadMore 402,Books,Nouvelle-Aquitaine,12790.68,195,185,65.59,8,60,1216.39,1442.93,4718.79,5535.33,554.94,2.05
M00405,BeautyWorld 405,Beauty,Nouvelle-Aquitaine,26631.99,209,199,127.43,14,39,1518.02,3703.23,12761.87,8416.69,1022.52,1.44
M00406,HomeStyle 406,Home & Garden,Provence-Alpes-Côte d'Azur,125160.86,250,234,500.64,34,11,3291.73,17300.24,37599.38,57893.97,8419.33,1.2
M00407,MotorHub 407,Automotive,Ile-de-France,311916.1,229,213,1362.08,13,10,17748.03,35938.05,130976.34,116821.49,21678.51,4.37
M00408,ToyLand 408,Toys,Ile-de-France,28235.0,272,250,103.81,16,71,1157.64,3589.78,12911.63,9135.87,1844.44,1.47
M00409,BookCorner 409,Books,Occitanie,3818.68,122,119,31.3,64,52,162.68,322.75,1661.61,1557.45,201.23,0.82
M00410,ToyHub 410,Toys,Nouvelle-Aquitaine,30666.42,225,215,136.3,12,37,1370.79,4004.14,16077.9,9189.1,674.6,0.89
M00411,SportZone 411,Sports,Grand Est,97942.06,217,206,451.35,23,12,3153.73,13607.52,39840.24,34742.84,8090.52,1.84
M00412,HealthShop 412,Health,Auvergne-Rhône-Alpes,37918.39,276,257,137.39,14,30,473.98,5730.43,16730.34,11792.59,2585.76,0.72
M00413,AutoCenter 413,Automotive,Occitanie,335564.6,286,268,1173.3,8,2,9228.03,43394.07,159270.86,96272.68,24516.37,2.8
M00414,BeautyCorner 414,Beauty,Ile-de-France,21436.18,220,211,97.44,29,80,235.8,3096.9,8509.42,7435.1,1844.41,1.82
M00415,CarParts 415,Automotive,Occitanie,258889.62,212,201,1221.18,21,5,4168.12,24228.91,98513.76,123204.6,9188.86,3.77
M00416,StyleShop 416,Clothing,Bretagne,80904.14,429,380,188.59,11,21,6868.76,8812.07,33030.64,32857.44,4757.81,1.86
M00417,SportHub 417,Sports,Bretagne,109373.02,298,282,367.02,17,17,2121.84,10046.9,49617.42,36981.22,8426.42,0.67
M00418,AutoShop 418,Automotive,Grand Est,83964.34,85,81,987.82,57,13,7044.61,14337.33,37078.81,27603.3,2923.28,7.06
M00419,AutoCenter 419,Automotive,Occitanie,307568.75,263,242,1169.46,14,3,23282.95,45865.12,141662.05,93045.73,16193.73,5.32
M00420,HomeStyle 420,Home & Garden,Hauts-de-France,187534.48,286,267,655.71,12,7,17384.45,25096.85,97279.71,53862.89,8813.06,3.5
M00421,FreshMarket 421,Food,Nouvelle-Aquitaine,8095.4,145,136,55.83,51,71,137.62,1165.64,3164.1,2860.07,290.8,2.07
M00422,FoodMart 422,Food,Occitanie,17858.46,298,276,59.93,16,41,610.76,2769.79,6532.19,6158.75,1101.7,0.34
M00423,DecorShop 423,Home & Garden,Pays de la Loire,66210.74,141,133,469.58,46,16,794.53,11364.89,21508.93,22331.51,3686.72,1.42
M00424,FreshMarket 424,Food,Provence-Alpes-Côte d'Azur,8687.8,220,213,39.49,49,39,715.01,1413.41,3736.27,2570.84,714.7,0.91
M00425,HealthShop 425,Health,Nouvelle-Aquitaine,24442.69,112,106,218.24,42,42,1373.68,3465.64,9625.69,8712.56,960.06,0.89
M00426,GlowShop 426,Beauty,Hauts-de-France,21606.1,187,178,115.54,28,37,2087.15,2919.15,8008.52,9383.63,872.73,0.53
M00428,HomeCenter 428,Home & Garden,Nouvelle-Aquitaine,124722.49,274,258,455.19,35,19,6061.51,26954.64,45778.27,44752.18,5083.25,2.92
M00429,HomeCenter 429,Home & Garden,Grand Est,118095.59,285,274,414.37,36,9,3212.2,17440.69,39200.76,45700.5,11848.56,2.46
M00430,PlayShop 430,Toys,Hauts-de-France,19514.96,241,230,80.97,40,39,1465.57,4185.9,6725.39,7551.39,776.66,1.24
M00431,GlowShop 431,Beauty,Ile-de-France,18915.17,146,139,129.56,39,88,1708.04,3064.48,9392.17,4722.11,1269.91,2.05
M00432,MotorHub 432,Automotive,Occitanie,222778.08,237,224,939.99,29,7,12030.02,21870.35,106222.24,77051.01,11821.87,3.38
M00433,AutoShop 433,Automotive,Grand Est,379949.27,400,360,949.87,4,2,5243.3,53236.58,177517.1,119458.22,17778.19,3.25
M00434,ClothingHub 434,Clothing,Ile-de-France,46957.85,201,190,233.62,32,52,835.85,6384.88,21345.59,14958.55,3455.76,2.49
M00435,FoodHub 435,Food,Auvergne-Rhône-Alpes,16385.15,253,240,64.76,21,53,645.57,2453.73,7255.93,5498.46,587.06,0.79
M00436,GardenWorld 436,Home & Garden,Hauts-de-France,134748.54,250,236,538.99,31,14,7114.72,11801.33,65397.08,46694.63,6129.2,1.6
M00437,VitalShop 437,Health,Bretagne,29643.51,208,198,142.52,33,26,2427.8,3190.81,13579.05,10845.12,1747.55,2.88
M00438,MotorHub 438,Automotive,Hauts-de-France,223404.5,184,172,1214.15,28,5,2814.9,27207.09,104861.07,71328.64,8426.79,3.26
M00439,ToyLand 439,Toys,Provence-Alpes-Côte d'Azur,30386.91,321,294,94.66,13,22,3035.65,4368.55,13598.11,9978.78,1643.31,0.93
M00440,ClothingHub 440,Clothing,Ile-de-France,81781.73,345,325,237.05,9,39,4367.14,12716.53,36079.34,26579.19,4404.19,0.87
M00441,MotorHub 441,Automotive,Bretagne,236798.51,180,176,1315.55,25,7,8216.91,28621.94,113061.88,76980.8,9915.09,1.11
M00442,GardenWorld 442,Home & Garden,Nouvelle-Aquitaine,225611.06,375,342,601.63,4,12,6475.04,40087.04,79662.2,89543.96,10093.87,4.0
M00443,BeautyCorner 443,Beauty,Nouvelle-Aquitaine,10287.5,116,110,88.69,65,66,548.32,1001.6,4373.21,3963.09,454.94,3.45
M00444,AutoCenter 444,Automotive,Auvergne-Rhône-Alpes,208517.55,284,272,734.22,34,12,10863.76,26366.57,94949.83,75486.23,7501.98,2.82
M00445,FoodHub 445,Food,Ile-de-France,20770.14,271,253,76.64,9,81,1620.07,3569.04,9594.08,5729.35,1083.33,2.58
M00446,DecorShop 446,Home & Garden,Normandie,155973.89,343,320,454.73,21,9,8406.99,23443.88,64484.25,57239.45,7339.79,2.33
M00447,BookCorner 447,Books,Provence-Alpes-Côte d'Azur,10054.5,226,208,44.49,26,37,345.87,2069.3,3855.38,3221.67,750.59,3.54
M00448,GadgetShop 448,Electronics,Pays de la Loire,197411.04,134,127,1473.22,46,7,12121.04,28338.71,76886.93,75225.53,6312.21,5.97
M00449,ToyHub 449,Toys,Occitanie,21812.59,184,173,118.55,33,34,824.52,3281.94,8955.39,7402.03,1635.33,3.26
M00450,TrendyWear 450,Clothing,Pays de la Loire,77053.78,426,395,180.88,12,15,2134.39,10171.7,30689.93,27519.46,5915.12,0.94
M00451,SportZone 451,Sports,Normandie,102994.15,246,224,418.68,19,14,2945.63,12528.79,45381.3,38232.4,3839.83,2.44
M00452,BeautyWorld 452,Beauty,Grand Est,11993.75,181,171,66.26,63,40,1162.19,2119.85,4924.8,4080.2,520.37,2.21
M00453,HealthHub 453,Health,Ile-de-France,31988.66,166,152,192.7,24,65,2571.89,4379.72,15362.16,10611.9,1153.56,1.81
M00454,BeautyCorner 454,Beauty,Ile-de-France,3968.61,112,109,35.43,67,119,271.85,678.4,1555.98,1310.61,355.17,1.79
M00455,BookCorner 455,Books,Grand Est,9252.09,174,170,53.17,36,46,217.42,1194.33,4046.37,3556.07,356.96,1.15
M00456,AutoShop 456,Automotive,Nouvelle-Aquitaine,197085.2,221,208,891.79,35,13,3192.78,42430.8,86137.63,60955.36,3287.62,4.07
M00457,ToyLand 457,Toys,Normandie,23021.04,237,225,97.14,28,21,1523.99,3054.89,9792.15,8218.74,1364.43,1.27
M00458,DecorShop 458,Home & Garden,Normandie,145856.04,260,247,560.98,25,12,11260.09,19816.4,58512.93,54252.5,7273.52,3.85
M00459,TechStore 459,Electronics,Pays de la Loire,166673.62,110,105,1515.21,54,9,2400.1,19262.25,82086.26,49706.73,5240.22,4.55
M00460,DecorShop 460,Home & Garden,Pays de la Loire,224761.58,333,297,674.96,5,3,10294.08,26517.94,109866.86,70766.85,13774.3,1.5
M00461,SportHub 461,Sports,Ile-de-France,107656.72,288,270,373.81,18,31,4424.69,8194.19,48330.07,43250.95,5601.22,0.69
M00462,CosmeticHub 462,Beauty,Ile-de-France,32977.12,234,224,140.93,9,64,2836.03,4932.43,13087.73,11711.6,1654.84,0.43
M00463,ElectroWorld 463,Electronics,Auvergne-Rhône-Alpes,423829.94,276,248,1535.62,10,1,18902.82,40303.54,183365.55,173778.45,14490.12,5.8
M00464,HomeCenter 464,Home & Garden,Provence-Alpes-Côte d'Azur,142013.86,229,219,620.15,28,8,10395.41,18315.65,60371.08,50298.48,6468.37,2.62
M00465,StyleShop 465,Clothing,Hauts-de-France,64317.58,255,242,252.23,21,23,6065.15,7693.53,29086.0,22402.43,3916.0,0.39
M00466,TechStore 466,Electronics,Nouvelle-Aquitaine,184879.48,88,86,2100.9,49,14,7561.57,18276.8,88667.49,54762.39,15251.69,10.23
M00467,SportZone 467,Sports,Hauts-de-France,38326.88,113,104,339.18,49,30,973.5,6475.3,17546.59,11359.82,1707.24,2.65
M00468,StyleShop 468,Clothing,Ile-de-France,31644.03,189,178,167.43,40,66,3142.25,3911.37,14217.12,10760.05,1830.82,0.0
M00469,SportZone 469,Sports,Ile-de-France,93024.65,275,256,338.27,26,35,6093.11,10685.75,41120.67,30479.92,5456.83,1.82
M00470,GourmetShop 470,Food,Nouvelle-Aquitaine,23090.78,349,322,66.16,5,48,2045.84,2599.33,10307.76,8073.89,731.32,2.01
M00471,AutoShop 471,Automotive,Auvergne-Rhône-Alpes,381669.16,372,350,1025.99,3,3,13053.09,47610.76,159640.84,152343.23,12605.85,2.96
M00472,GardenWorld 472,Home & Garden,Auvergne-Rhône-Alpes,141922.45,237,226,598.83,29,20,13369.09,19534.03,49247.68,41959.57,6807.88,1.69
M00473,DecorShop 473,Home & Garden,Hauts-de-France,113603.91,204,194,556.88,38,16,10803.73,12984.55,55157.19,38811.56,4757.65,2.94
M00474,BeautyWorld 474,Beauty,Ile-de-France,36051.93,295,272,122.21,6,62,2765.18,7011.89,16063.43,10458.68,1303.1,2.37
M00475,KidsWorld 475,Toys,Grand Est,22485.73,178,167,126.32,30,30,1122.04,5621.46,8311.23,5959.28,1741.02,1.12
M00476,TechStore 476,Electronics,Nouvelle-Aquitaine,266468.2,191,181,1395.12,33,9,23315.97,40945.91,121968.56,76974.62,17674.65,3.14
M00477,KidsWorld 477,Toys,Occitanie,17817.51,215,206,82.87,46,42,1400.46,1602.24,9111.41,6039.34,636.97,3.26
M00478,GadgetShop 478,Electronics,Bretagne,140651.47,109,107,1290.38,58,13,11589.68,14045.68,59872.13,61020.55,5713.11,6.42
M00479,CosmeticHub 479,Beauty,Nouvelle-Aquitaine,19076.9,194,183,98.33,37,51,440.68,2468.67,7990.89,7580.36,895.04,0.0
M00480,ClothingHub 480,Clothing,Occitanie,97811.22,439,396,222.8,4,17,7061.97,12548.82,40795.48,34404.34,7827.53,0.91
M00481,HealthShop 481,Health,Auvergne-Rhône-Alpes,36326.82,234,217,155.24,17,33,2001.61,6761.41,17023.84,9865.3,1798.11,1.71
M00482,SportZone 482,Sports,Nouvelle-Aquitaine,53050.13,203,194,261.33,46,27,1278.51,7276.67,21882.32,19776.37,3276.52,0.49
M00483,WellnessStore 483,Health,Nouvelle-Aquitaine,23704.73,239,230,99.18,44,47,1986.46,2090.81,10967.52,9330.93,789.44,0.84
M00484,DecorShop 484,Home & Garden,Auvergne-Rhône-Alpes,231865.76,404,375,573.93,3,9,7048.72,27822.68,102564.23,74044.73,16467.52,2.23
M00485,BeautyWorld 485,Beauty,Auvergne-Rhône-Alpes,16412.38,156,148,105.21,47,52,231.41,3261.11,7007.51,4394.61,1061.13,1.92
M00486,ReadMore 486,Books,Nouvelle-Aquitaine,6979.55,165,158,42.3,49,73,242.89,1125.93,3383.38,1951.11,380.11,3.03
M00487,FoodHub 487,Food,Bretagne,13374.94,202,191,66.21,32,32,256.8,1215.84,6212.06,4877.67,768.44,1.98
M00488,DecorShop 488,Home & Garden,Nouvelle-Aquitaine,170001.97,408,373,416.67,17,17,11594.13,19371.36,82154.15,55905.82,9878.22,1.47
M00489,VitalShop 489,Health,Provence-Alpes-Côte d'Azur,23711.98,218,205,108.77,43,24,1003.02,2696.2,9393.39,9647.69,1101.54,0.46
M00490,GourmetShop 490,Food,Nouvelle-Aquitaine,7563.24,206,202,36.71,52,72,536.23,699.96,3752.02,2375.41,358.34,1.94
M00491,BookHaven 491,Books,Provence-Alpes-Côte d'Azur,2679.83,92,86,29.13,65,42,212.78,351.84,1179.28,783.22,285.69,2.17
M00492,CosmeticHub 492,Beauty,Hauts-de-France,36226.79,299,280,121.16,4,31,2756.86,4620.32,14398.64,15083.61,1432.74,1.34
M00493,VitalShop 493,Health,Hauts-de-France,22411.73,109,105,205.61,48,36,674.59,2775.74,10826.06,6625.19,1166.43,1.83
M00494,ReadMore 494,Books,Occitanie,9207.04,170,159,54.16,38,50,870.99,1382.8,4978.14,2436.58,281.97,1.18
M00495,KidsWorld 495,Toys,Nouvelle-Aquitaine,14259.96,170,165,83.88,53,56,627.44,1959.4,7088.02,4009.89,688.6,0.59
M00496,VitalShop 496,Health,Normandie,12577.43,127,122,99.03,67,32,1174.73,1933.08,6114.05,4002.58,128.6,2.36
M00497,FitnessShop 497,Sports,,74460.03,202,192,368.61,40,4,3633.65,12601.26,29083.37,23098.59,6377.24,1.98
M00498,SportZone 498,Sports,Provence-Alpes-Côte d'Azur,87474.59,246,231,355.59,31,13,6446.88,13475.6,40028.39,28267.2,2719.23,0.81
M00500,HomeStyle 500,Home & Garden,Ile-de-France,169388.37,295,276,574.2,18,24,8333.91,29714.96,59627.07,65888.86,7379.5,2.71
M00501,CosmeticHub 501,Beauty,Nouvelle-Aquitaine,15187.98,130,129,116.83,51,55,1170.99,1954.47,6173.53,5677.55,680.24,0.77
M00502,CarParts 502,Automotive,Bretagne,305324.65,223,208,1369.17,17,5,16579.13,33293.55,139024.09,118643.75,5996.69,8.07
M00503,ClothingHub 503,Clothing,Occitanie,52121.4,270,254,193.04,28,21,4101.95,4120.23,28237.57,14044.39,3490.8,0.74
M00504,FashionStore 504,Clothing,Grand Est,31139.69,226,213,137.79,41,23,840.77,2832.56,12806.76,12065.32,1605.28,0.88
M00505,MotorHub 505,Automotive,Ile-de-France,179460.87,284,260,631.9,38,22,16797.54,16372.78,78246.13,69585.74,10181.92,1.41
M00506,BookCorner 506,Books,Ile-de-France,10268.47,215,205,47.76,22,105,597.62,1587.74,5040.13,3267.54,239.63,2.33
M00507,GadgetShop 507,Electronics,Ile-de-France,362858.26,320,294,1133.93,18,7,27903.8,62619.18,153874.32,128197.38,10316.02,4.69
M00508,CarParts 508,Automotive,Auvergne-Rhône-Alpes,163718.52,158,151,1036.19,43,15,3159.77,13796.45,86181.82,53912.77,6897.58,2.53
M00509,BeautyCorner 509,Beauty,Occitanie,23083.95,233,219,99.07,24,33,1701.29,2767.36,10372.06,7955.57,1269.21,0.43
M00510,MotorHub 510,Automotive,Bretagne,142464.18,153,148,931.14,47,12,9701.81,16969.49,68606.42,46146.46,5289.41,4.58
M00511,ReadMore 511,Books,Nouvelle-Aquitaine,3943.89,136,130,29.0,63,76,209.81,612.18,1783.36,1260.66,197.25,3.68
M00512,BookCorner 512,Books,Grand Est,14864.76,292,282,50.91,5,37,649.59,1766.27,6871.02,5235.75,659.53,1.37
M00513,HomeStyle 513,Home & Garden,Ile-de-France,157015.21,329,300,477.25,20,25,5950.88,25333.44,79070.0,37392.5,12125.67,1.82
M00514,WellnessStore 514,Health,Pays de la Loire,38477.5,225,212,171.01,12,17,565.62,5393.63,19009.96,12173.1,1510.06,2.22
M00515,BookCorner 515,Books,Grand Est,9248.59,236,221,39.19,37,47,238.61,1478.96,3797.41,3323.86,480.02,1.27
M00516,ToyLand 516,Toys,Hauts-de-France,19426.24,237,221,81.97,41,41,557.53,2227.98,7943.0,7829.21,896.24,2.11
M00517,VitalShop 517,Health,Normandie,18511.33,120,116,154.26,55,26,1203.24,2417.48,8590.95,6909.12,392.05,1.67
M00518,ReadMore 518,Books,Provence-Alpes-Côte d'Azur,10164.65,242,230,42.0,24,36,165.68,1319.42,4021.39,3930.87,503.11,1.65
M00519,CarParts 519,Automotive,Occitanie,194335.82,170,160,1143.15,36,10,6821.19,30281.22,99710.31,48739.17,8589.55,3.53
M00520,TechStore 520,Electronics,Hauts-de-France,282601.38,305,288,926.56,28,1,26875.39,36618.33,132764.99,94556.19,11611.35,4.59
M00521,HealthHub 521,Health,Normandie,16540.83,97,95,170.52,59,27,368.86,2160.5,7183.9,6417.39,581.77,0.0
M00522,GardenWorld 522,Home & Garden,Auvergne-Rhône-Alpes,133094.72,355,320,374.91,32,21,2701.82,15138.63,56917.2,50623.95,6756.17,2.82
M00523,GlowShop 523,Beauty,Ile-de-France,20208.24,201,187,100.54,34,84,1673.24,3048.38,8607.09,7090.35,677.25,1.0
M00524,GourmetShop 524,Food,Bretagne,24490.1,251,240,97.57,2,28,2382.89,10669.04,6158.04,5808.07,845.24,1.59
M00525,AutoShop 525,Automotive,Bretagne,451290.72,393,362,1148.32,2,1,39668.45,77692.88,205684.54,142593.47,10728.42,4.07
M00526,CarParts 526,Automotive,Nouvelle-Aquitaine,141498.17,156,143,907.04,48,18,2688.47,14281.95,76344.54,38878.29,8434.81,3.21
M00527,KidsWorld 527,Toys,Occitanie,19623.12,215,201,91.27,38,37,627.94,1716.93,8564.27,7557.02,786.9,1.4
M00528,ToyHub 528,Toys,Nouvelle-Aquitaine,13680.13,132,130,103.64,54,58,989.07,1392.47,5755.66,5695.52,808.65,0.76
M00529,GadgetShop 529,Electronics,Ile-de-France,364721.13,288,273,1266.39,17,5,29615.36,70461.73,133064.9,147031.28,5351.37,3.82
M00530,VitalShop 530,Health,Provence-Alpes-Côte d'Azur,30692.82,144,139,213.14,31,21,1635.93,3352.63,14241.23,11157.09,1365.29,2.78
M00531,GadgetShop 531,Electronics,Occitanie,194388.95,182,173,1068.07,47,9,16542.5,19996.86,65737.05,73560.79,11206.65,5.49
M00532,ReadMore 532,Books,Bretagne,9763.35,209,199,46.71,29,35,215.77,1218.44,4475.46,3437.3,395.8,0.48
M00533,ToyLand 533,Toys,Hauts-de-France,49765.78,419,378,118.77,1,27,1010.25,5431.15,22356.74,17710.39,2956.05,1.19
M00534,HealthShop 534,Health,Hauts-de-France,45494.09,231,207,196.94,6,28,2524.92,7206.89,18720.2,14370.62,2510.58,1.73
M00535,HealthHub 535,Health,Provence-Alpes-Côte d'Azur,15996.04,119,116,134.42,60,30,985.36,2633.9,7025.7,5682.43,267.45,0.84
M00536,FreshMarket 536,Food,Ile-de-France,9331.76,119,114,78.42,47,108,231.43,1042.89,4486.34,3049.42,390.95,0.0
M00537,GardenWorld 537,Home & Garden,Bretagne,144666.46,265,239,545.91,26,11,11226.12,12433.15,72588.34,49386.15,5284.88,3.02
M00538,ReadMore 538,Books,Pays de la Loire,10926.28,229,209,47.71,17,26,375.86,1011.14,5767.83,3457.5,328.14,3.06
M00539,AutoShop 539,Automotive,Ile-de-France,307521.61,216,206,1423.71,15,11,15345.33,29685.86,130012.46,115368.1,18364.5,6.94
M00540,ReadMore 540,Books,Auvergne-Rhône-Alpes,2676.02,63,61,42.48,66,78,176.88,267.03,1404.54,833.87,141.7,1.59
M00541,HomeStyle 541,Home & Garden,Normandie,95286.25,171,165,557.23,43,15,1810.44,12607.78,35055.27,35203.75,9277.79,4.09
M00542,ToyLand 542,Toys,Normandie,18557.71,152,146,122.09,44,25,621.68,1235.87,8686.45,7212.01,738.59,0.66
M00543,LibraryShop 543,Books,Normandie,5243.36,109,109,48.1,56,35,437.3,694.77,2057.83,1949.93,365.67,0.92
M00544,AutoCenter 544,Automotive,Occitanie,165111.1,209,197,790.01,42,13,4656.13,24208.94,79781.62,49997.52,5091.36,1.91
M00545,GadgetShop 545,Electronics,Auvergne-Rhône-Alpes,315176.2,271,258,1163.01,23,6,23039.38,69645.73,117457.2,111614.69,13157.73,5.17
M00546,VitalShop 546,Health,Occitanie,9307.34,79,78,117.81,72,49,517.49,1231.88,5147.01,2339.74,226.46,1.27
M00547,HealthShop 547,Health,Grand Est,33917.05,199,196,170.44,21,20,379.87,7189.55,11059.38,11718.04,2591.89,2.51
M00548,LibraryShop 548,Books,Bretagne,5953.7,148,143,40.23,53,40,130.98,853.99,2037.54,2536.87,332.3,2.03
M00549,ActiveWear 549,Sports,Occitanie,131492.89,288,270,456.57,11,16,10690.37,16098.58,54189.0,49809.47,7981.2,1.04
M00550,VitalShop 550,Health,Ile-de-France,20527.43,129,122,159.13,51,82,642.51,3701.24,7397.75,7878.63,527.24,1.55
M00551,ToyLand 551,Toys,Provence-Alpes-Côte d'Azur,19146.64,273,254,70.13,43,26,1627.46,2491.74,8972.3,6062.59,1155.38,1.83
M00552,FoodMart 552,Food,Nouvelle-Aquitaine,23881.28,400,356,59.7,3,45,2017.97,3722.02,11047.62,7338.22,925.91,1.5
M00553,TrendyWear 553,Clothing,Ile-de-France,30971.96,190,182,163.01,42,68,1852.12,4093.89,12746.63,10349.08,3484.35,1.05
M00554,MotorHub 554,Automotive,Auvergne-Rhône-Alpes,313038.96,314,288,996.94,12,7,14337.18,45766.97,141357.51,106797.8,15466.05,1.27
M00555,DigitalHub 555,Electronics,Normandie,133950.1,114,109,1175.0,60,13,2330.73,22166.54,56934.63,47632.06,3468.09,4.39
M00556,ElectroWorld 556,Electronics,Normandie,180898.81,138,130,1310.86,50,6,3690.34,18097.4,76932.85,75379.87,4702.67,5.8
M00557,GadgetShop 557,Electronics,Normandie,224820.9,146,139,1539.87,38,4,15063.0,17604.23,134207.6,65499.31,6047.17,7.53
M00558,ClothingHub 558,Clothing,Ile-de-France,68855.2,308,291,223.56,18,45,6789.12,8433.93,34127.43,20173.24,3630.69,0.97
M00559,ElectroWorld 559,Electronics,Ile-de-France,543544.71,253,234,2148.4,3,1,25437.89,64220.11,262783.97,177711.1,17490.83,7.91
M00560,VitalShop 560,Health,Ile-de-France,29354.14,245,231,119.81,34,70,2650.68,5941.55,12529.61,8351.98,2018.64,0.82
M00561,DecorShop 561,Home & Garden,Hauts-de-France,232501.85,290,270,801.73,2,4,6556.55,38502.27,105117.74,72436.08,12147.98,4.83
M00562,BeautyWorld 562,Beauty,Auvergne-Rhône-Alpes,14578.54,190,181,76.73,54,60,1446.19,2231.55,5814.43,5515.2,605.24,0.53
M00563,ToyLand 563,Toys,,22343.69,250,234,89.37,31,7,1812.07,2045.03,10431.84,7211.75,1646.1,1.6
M00564,DecorShop 564,Home & Garden,Occitanie,135374.56,330,305,410.23,30,15,5929.41,22536.94,48452.36,46841.52,6064.65,2.73
M00565,ClothingHub 565,Clothing,Ile-de-France,43339.72,237,222,182.87,34,54,1716.25,4123.88,22244.18,13575.46,1299.86,1.69
M00566,DigitalHub 566,Electronics,Hauts-de-France,254157.89,211,195,1204.54,34,2,19620.99,42327.05,96425.85,81935.2,19635.65,4.27
M00567,FreshMarket 567,Food,Ile-de-France,16408.71,229,220,71.65,20,94,344.58,2364.02,6651.94,5094.43,1678.77,3.49
M00568,AutoShop 568,Automotive,Pays de la Loire,88352.55,130,127,679.63,56,14,3410.41,14412.13,32216.56,30981.36,8532.39,5.38
M00569,VitalShop 569,Health,Ile-de-France,15453.59,115,113,134.38,62,96,1466.55,2082.13,6534.98,5793.72,862.79,0.87
M00570,CosmeticHub 570,Beauty,Occitanie,12958.73,117,110,110.76,60,45,1008.19,2287.97,5729.74,4332.31,270.02,1.71
M00571,FitnessShop 571,Sports,Bretagne,83762.18,202,191,414.66,33,20,7228.68,6580.59,32257.05,31838.97,8402.06,1.98
M00572,DecorShop 572,Home & Garden,Hauts-de-France,181303.45,286,270,633.93,14,10,7360.92,41782.11,72752.66,55974.65,9321.82,3.85
M00573,FoodMart 573,Food,Provence-Alpes-Côte d'Azur,7458.55,195,187,38.25,53,40,597.43,963.62,2424.47,3530.64,264.23,1.54
M00574,PlayShop 574,Toys,Hauts-de-France,15282.66,182,170,83.97,52,46,602.14,2083.57,5626.72,5598.12,855.39,1.1
M00575,DigitalHub 575,Electronics,Normandie,314721.44,200,193,1573.61,24,2,16208.15,63702.32,124938.13,101907.21,15408.56,7.5
M00576,ReadMore 576,Books,Ile-de-France,15397.27,306,287,50.32,4,97,409.57,1453.29,7373.21,5162.31,1154.68,2.29
M00577,LibraryShop 577,Books,Hauts-de-France,17590.13,332,314,52.98,1,44,624.45,2519.25,6861.77,7202.9,684.91,1.51
M00578,HomeCenter 578,Home & Garden,Grand Est,73356.49,155,152,473.27,44,16,3961.25,12028.36,35918.81,22045.6,2689.31,1.94
M00579,CosmeticHub 579,Beauty,Pays de la Loire,21863.33,218,200,100.29,26,20,1434.23,2841.61,8849.8,7772.15,1703.96,1.38
M00580,StyleShop 580,Clothing,Grand Est,82273.8,422,378,194.96,8,14,5191.48,12115.61,37777.95,26311.0,4616.99,0.95
M00581,SportZone 581,Sports,Hauts-de-France,62478.08,197,187,317.15,43,25,3373.82,8822.85,25616.61,20184.29,4661.43,1.52
M00582,BookHaven 582,Books,Hauts-de-France,4781.34,102,100,46.88,59,52,300.75,1066.54,2198.16,1348.41,117.05,0.98
M00583,ActiveWear 583,Sports,Bretagne,117327.07,357,322,328.65,14,15,4258.97,15840.47,52846.17,40021.64,3091.51,1.68
M00584,GadgetShop 584,Electronics,Bretagne,209043.49,146,140,1431.8,43,9,2529.43,25282.89,80775.52,80282.8,19103.25,3.42
M00585,StyleShop 585,Clothing,Ile-de-France,56971.89,352,327,161.85,25,49,1105.25,6320.7,25624.68,21459.2,2235.2,1.7
M00586,FitnessShop 586,Sports,Ile-de-France,87601.92,252,236,347.63,30,36,1208.91,8189.09,32737.73,37360.82,5325.8,2.78
M00587,AutoCenter 587,Automotive,Auvergne-Rhône-Alpes,176129.14,172,169,1024.01,39,14,1796.52,22071.33,78375.63,58216.95,13606.06,2.33
M00589,BookHaven 589,Books,Auvergne-Rhône-Alpes,9118.4,205,193,44.48,39,72,480.54,1515.65,4030.29,3131.4,391.14,1.46
M00590,HealthShop 590,Health,Auvergne-Rhône-Alpes,23171.51,204,191,113.59,46,43,1031.13,2970.66,10420.38,8228.0,1043.54,0.98
M00591,ToyLand 591,Toys,Ile-de-France,35037.41,236,217,148.46,7,63,3486.22,3529.38,12570.93,16485.99,1741.74,0.42
M00592,ElectroWorld 592,Electronics,Bretagne,377287.14,193,182,1954.86,15,2,5244.29,34897.39,199524.34,122271.0,12702.48,6.74
M00593,DigitalHub 593,Electronics,Nouvelle-Aquitaine,399506.68,249,240,1604.44,13,2,11745.5,45829.4,182479.53,142824.57,14913.65,4.82
M00594,SportZone 594,Sports,Ile-de-France,50245.79,137,131,366.76,47,51,1105.41,8132.83,22255.56,13196.92,3523.33,0.0
M00595,HealthShop 595,Health,Ile-de-France,27279.48,197,188,138.47,37,72,1014.8,4249.33,11608.48,9759.49,735.93,3.05
M00596,HomeCenter 596,Home & Garden,Normandie,152336.49,233,220,653.8,22,10,2300.28,18863.57,80446.14,42700.14,7203.11,3.43
M00597,DecorShop 597,Home & Garden,Provence-Alpes-Côte d'Azur,159946.29,277,253,577.42,19,5,11004.3,29693.77,67902.09,46429.34,12464.54,2.89
M00598,TrendyWear 598,Clothing,Hauts-de-France,92306.31,323,298,285.78,5,18,1172.29,12968.5,43645.93,30332.85,3533.34,1.86
M00599,GourmetShop 599,Food,Provence-Alpes-Côte d'Azur,12665.96,161,156,78.67,34,34,169.72,2087.3,5869.92,3729.1,595.22,1.24
M00600,BeautyWorld 600,Beauty,Nouvelle-Aquitaine,27660.1,286,274,96.71,11,38,1098.11,3982.66,11862.18,9819.2,1495.85,1.4
