merchant_id,name,category,region,commission_rate,establishment_date,rejection_reason
M00038,DigitalHub 38,Electronics,Pays de la Loire,-0.05,20220125,commission_hors_intervalle
M00121,AutoCenter 121,Automotive,Normandie,1.5,20180312,commission_hors_intervalle
M00181,SportZone 181,Sports,Auvergne-Rhône-Alpes,1.5,20191031,commission_hors_intervalle
M00212,HealthShop 212,Health,Pays de la Loire,2.0,20230306,commission_hors_intervalle
M00219,BookHaven 219,Books,Nouvelle-Aquitaine,-0.01,20200731,commission_hors_intervalle
M00273,AutoCenter 273,Automotive,Hauts-de-France,1.25,20211122,commission_hors_intervalle
M00366,CosmeticHub 366,Beauty,Pays de la Loire,-0.05,20181116,commission_hors_intervalle
M00389,ElectroWorld 389,Electronics,Provence-Alpes-Côte d'Azur,1.25,20200105,commission_hors_intervalle
M00390,CarParts 390,Automotive,Ile-de-France,-0.01,20170104,commission_hors_intervalle
M00403,FreshMarket 403,Food,Auvergne-Rhône-Alpes,2.0,20220306,commission_hors_intervalle
M00404,BeautyWorld 404,Beauty,Hauts-de-France,1.5,20200927,commission_hors_intervalle
M00427,ReadMore 427,Books,Hauts-de-France,-0.05,20220221,commission_hors_intervalle
M00499,TechStore 499,Electronics,Normandie,-0.01,20200330,commission_hors_intervalle
M00588,StyleShop 588,Clothing,Provence-Alpes-Côte d'Azur,-0.01,20170514,commission_hors_intervalle
