cohort_month,period_index,taille_cohorte,nb_utilisateurs_actifs,taux_retention,chiffre_affaires,revenu_moyen_par_utilisateur
2024-01,0,680,680,100.0,964089.21,1417.78
2024-01,1,680,293,43.09,439912.86,1501.41
2024-01,2,680,247,36.32,391330.81,1584.34
2024-01,3,680,215,31.62,332736.66,1547.61
2024-01,4,680,181,26.62,287730.06,1589.67
2024-01,5,680,157,23.09,240462.78,1531.61
2024-01,6,680,147,21.62,214283.29,1457.71
2024-01,7,680,96,14.12,146948.94,1530.72
2024-01,8,680,103,15.15,152944.37,1484.9
2024-01,9,680,78,11.47,87205.52,1118.02
2024-01,10,680,72,10.59,91724.11,1273.95
2024-01,11,680,56,8.24,88672.19,1583.43
2024-01,12,680,56,8.24,94852.13,1693.79
2024-01,13,680,50,7.35,85242.63,1704.85
2024-01,14,680,35,5.15,54314.46,1551.84
2024-01,15,680,42,6.18,64576.73,1537.54
2024-01,16,680,24,3.53,41246.34,1718.6
2024-01,17,680,29,4.26,40508.98,1396.86
2024-01,18,680,30,4.41,55206.38,1840.21
2024-01,19,680,21,3.09,27183.64,1294.46
2024-01,20,680,16,2.35,27155.71,1697.23
2024-01,21,680,13,1.91,21941.88,1687.84
2024-01,22,680,10,1.47,25575.82,2557.58
2024-01,23,680,13,1.91,23042.2,1772.48
2024-02,0,589,589,100.0,917758.65,1558.16
2024-02,1,589,263,44.65,413565.66,1572.49
2024-02,2,589,204,34.63,333753.06,1636.04
2024-02,3,589,170,28.86,280905.74,1652.39
2024-02,4,589,183,31.07,270223.06,1476.63
2024-02,5,589,120,20.37,222727.0,1856.06
2024-02,6,589,114,19.35,156174.72,1369.95
2024-02,7,589,100,16.98,152611.52,1526.12
2024-02,8,589,86,14.6,135076.94,1570.66
2024-02,9,589,83,14.09,141699.39,1707.22
2024-02,10,589,63,10.7,89294.9,1417.38
2024-02,11,589,57,9.68,67948.05,1192.07
2024-02,12,589,38,6.45,56440.14,1485.27
2024-02,13,589,42,7.13,61129.31,1455.46
2024-02,14,589,44,7.47,56985.52,1295.13
2024-02,15,589,41,6.96,51303.56,1251.31
2024-02,16,589,14,2.38,28610.42,2043.6
2024-02,17,589,15,2.55,21491.63,1432.78
2024-02,18,589,20,3.4,29712.06,1485.6
2024-02,19,589,22,3.74,29582.75,1344.67
2024-02,20,589,8,1.36,11228.53,1403.57
2024-02,21,589,8,1.36,6314.49,789.31
2024-02,22,589,6,1.02,14641.26,2440.21
2024-03,0,614,614,100.0,914738.2,1489.8
2024-03,1,614,253,41.21,448166.76,1771.41
2024-03,2,614,223,36.32,385705.2,1729.62
2024-03,3,614,179,29.15,266261.36,1487.49
2024-03,4,614,169,27.52,292461.31,1730.54
2024-03,5,614,127,20.68,217928.15,1715.97
2024-03,6,614,119,19.38,183460.11,1541.68
2024-03,7,614,88,14.33,175916.56,1999.05
2024-03,8,614,87,14.17,130162.85,1496.12
2024-03,9,614,79,12.87,136471.01,1727.48
2024-03,10,614,65,10.59,118691.73,1826.03
2024-03,11,614,57,9.28,105080.51,1843.52
2024-03,12,614,59,9.61,115060.49,1950.18
2024-03,13,614,44,7.17,53374.86,1213.07
2024-03,14,614,24,3.91,26776.36,1115.68
2024-03,15,614,27,4.4,41003.24,1518.64
2024-03,16,614,33,5.37,40753.58,1234.96
2024-03,17,614,24,3.91,37999.79,1583.32
2024-03,18,614,16,2.61,17263.0,1078.94
2024-03,19,614,9,1.47,14823.95,1647.11
2024-03,20,614,14,2.28,18670.44,1333.6
2024-03,21,614,7,1.14,9654.99,1379.28
2024-04,0,610,610,100.0,830136.49,1360.88
2024-04,1,610,281,46.07,468547.24,1667.43
2024-04,2,610,210,34.43,327742.89,1560.68
2024-04,3,610,197,32.3,315292.0,1600.47
2024-04,4,610,167,27.38,248710.55,1489.28
2024-04,5,610,148,24.26,238285.19,1610.04
2024-04,6,610,123,20.16,208149.31,1692.27
2024-04,7,610,92,15.08,144324.57,1568.75
2024-04,8,610,89,14.59,140497.52,1578.62
2024-04,9,610,77,12.62,127432.33,1654.97
2024-04,10,610,57,9.34,82988.96,1455.95
2024-04,11,610,56,9.18,87041.27,1554.31
2024-04,12,610,42,6.89,63934.77,1522.26
2024-04,13,610,46,7.54,60750.57,1320.66
2024-04,14,610,40,6.56,58359.47,1458.99
2024-04,15,610,25,4.1,52893.93,2115.76
2024-04,16,610,19,3.11,18936.16,996.64
2024-04,17,610,18,2.95,18797.55,1044.31
2024-04,18,610,17,2.79,22705.55,1335.62
2024-04,19,610,20,3.28,24620.1,1231.0
2024-04,20,610,15,2.46,20341.71,1356.11
2024-05,0,596,596,100.0,762008.51,1278.54
2024-05,1,596,256,42.95,399425.34,1560.26
2024-05,2,596,217,36.41,347707.17,1602.34
2024-05,3,596,166,27.85,259527.94,1563.42
2024-05,4,596,157,26.34,246073.65,1567.35
2024-05,5,596,132,22.15,212718.42,1611.5
2024-05,6,596,123,20.64,186898.97,1519.5
2024-05,7,596,100,16.78,150551.38,1505.51
2024-05,8,596,87,14.6,123079.21,1414.7
2024-05,9,596,76,12.75,157366.64,2070.61
2024-05,10,596,53,8.89,83885.4,1582.74
2024-05,11,596,47,7.89,77459.57,1648.08
2024-05,12,596,49,8.22,72920.31,1488.17
2024-05,13,596,48,8.05,111327.64,2319.33
2024-05,14,596,32,5.37,54837.87,1713.68
2024-05,15,596,35,5.87,61607.2,1760.21
2024-05,16,596,27,4.53,58339.7,2160.73
2024-05,17,596,21,3.52,30367.58,1446.08
2024-05,18,596,18,3.02,25105.42,1394.75
2024-05,19,596,22,3.69,28370.26,1289.56
2024-06,0,571,571,100.0,865350.52,1515.5
2024-06,1,571,235,41.16,348439.14,1482.72
2024-06,2,571,202,35.38,306422.21,1516.94
2024-06,3,571,171,29.95,257309.19,1504.73
2024-06,4,571,145,25.39,239465.0,1651.48
2024-06,5,571,131,22.94,236864.84,1808.13
2024-06,6,571,118,20.67,164881.38,1397.3
2024-06,7,571,97,16.99,140863.95,1452.21
2024-06,8,571,79,13.84,124714.71,1578.67
2024-06,9,571,73,12.78,109386.69,1498.45
2024-06,10,571,59,10.33,116520.15,1974.92
2024-06,11,571,42,7.36,74403.49,1771.51
2024-06,12,571,49,8.58,94321.04,1924.92
2024-06,13,571,34,5.95,50166.94,1475.5
2024-06,14,571,35,6.13,58057.75,1658.79
2024-06,15,571,29,5.08,46827.33,1614.74
2024-06,16,571,28,4.9,55422.5,1979.38
2024-06,17,571,25,4.38,44735.84,1789.43
2024-06,18,571,15,2.63,19601.51,1306.77
2024-07,0,564,564,100.0,745580.5,1321.95
2024-07,1,564,238,42.2,349881.74,1470.09
2024-07,2,564,185,32.8,320163.67,1730.61
2024-07,3,564,163,28.9,210928.47,1294.04
2024-07,4,564,135,23.94,195807.85,1450.43
2024-07,5,564,116,20.57,191132.27,1647.69
2024-07,6,564,108,19.15,148230.04,1372.5
2024-07,7,564,100,17.73,151781.97,1517.82
2024-07,8,564,75,13.3,114727.47,1529.7
2024-07,9,564,77,13.65,129469.3,1681.42
2024-07,10,564,68,12.06,89058.26,1309.68
2024-07,11,564,43,7.62,74901.29,1741.89
2024-07,12,564,29,5.14,34863.71,1202.2
2024-07,13,564,31,5.5,40184.03,1296.26
2024-07,14,564,33,5.85,37561.93,1138.24
2024-07,15,564,25,4.43,28456.89,1138.28
2024-07,16,564,19,3.37,27618.97,1453.63
2024-07,17,564,23,4.08,31694.47,1378.02
2024-08,0,517,517,100.0,666582.71,1289.33
2024-08,1,517,215,41.59,326989.28,1520.88
2024-08,2,517,196,37.91,283311.63,1445.47
2024-08,3,517,159,30.75,249584.42,1569.71
2024-08,4,517,133,25.73,201716.09,1516.66
2024-08,5,517,79,15.28,151451.58,1917.11
2024-08,6,517,112,21.66,179465.6,1602.37
2024-08,7,517,89,17.21,165149.39,1855.61
2024-08,8,517,83,16.05,125787.8,1515.52
2024-08,9,517,72,13.93,99220.34,1378.06
2024-08,10,517,65,12.57,132326.07,2035.79
2024-08,11,517,43,8.32,59882.34,1392.61
2024-08,12,517,31,6.0,42080.57,1357.44
2024-08,13,517,42,8.12,67278.81,1601.88
2024-08,14,517,33,6.38,57346.54,1737.77
2024-08,15,517,34,6.58,44490.93,1308.56
2024-08,16,517,16,3.09,32630.43,2039.4
2024-09,0,529,529,100.0,725807.19,1372.04
2024-09,1,529,220,41.59,330821.15,1503.73
2024-09,2,529,190,35.92,273219.3,1438.0
2024-09,3,529,166,31.38,239817.23,1444.68
2024-09,4,529,136,25.71,182556.66,1342.33
2024-09,5,529,123,23.25,183335.31,1490.53
2024-09,6,529,89,16.82,153459.94,1724.27
2024-09,7,529,88,16.64,133935.47,1521.99
2024-09,8,529,80,15.12,99900.09,1248.75
2024-09,9,529,77,14.56,112155.89,1456.57
2024-09,10,529,52,9.83,86140.23,1656.54
2024-09,11,529,44,8.32,59660.17,1355.91
2024-09,12,529,44,8.32,84821.69,1927.77
2024-09,13,529,32,6.05,43781.12,1368.16
2024-09,14,529,38,7.18,52827.96,1390.21
2024-09,15,529,31,5.86,59665.16,1924.68
2024-10,0,488,488,100.0,701672.71,1437.85
2024-10,1,488,201,41.19,342795.94,1705.45
2024-10,2,488,178,36.48,264835.27,1487.84
2024-10,3,488,154,31.56,252840.8,1641.82
2024-10,4,488,120,24.59,187439.02,1561.99
2024-10,5,488,110,22.54,154023.83,1400.22
2024-10,6,488,89,18.24,136205.33,1530.4
2024-10,7,488,81,16.6,156179.28,1928.14
2024-10,8,488,74,15.16,113981.02,1540.28
2024-10,9,488,44,9.02,66955.47,1521.72
2024-10,10,488,49,10.04,67718.98,1382.02
2024-10,11,488,49,10.04,91658.22,1870.58
2024-10,12,488,43,8.81,69856.79,1624.58
2024-10,13,488,25,5.12,54138.95,2165.56
2024-10,14,488,37,7.58,60823.58,1643.88
2024-11,0,484,484,100.0,648377.65,1339.62
2024-11,1,484,201,41.53,295476.54,1470.03
2024-11,2,484,167,34.5,274529.7,1643.89
2024-11,3,484,154,31.82,230938.82,1499.6
2024-11,4,484,114,23.55,183940.76,1613.52
2024-11,5,484,122,25.21,223171.81,1829.28
2024-11,6,484,101,20.87,168230.3,1665.65
2024-11,7,484,71,14.67,119343.93,1680.9
2024-11,8,484,83,17.15,115517.03,1391.77
2024-11,9,484,60,12.4,90540.56,1509.01
2024-11,10,484,47,9.71,73109.76,1555.53
2024-11,11,484,38,7.85,69969.71,1841.31
2024-11,12,484,45,9.3,56334.54,1251.88
2024-11,13,484,28,5.79,32714.52,1168.38
2024-12,0,453,453,100.0,677482.57,1495.55
2024-12,1,453,177,39.07,268811.61,1518.71
2024-12,2,453,139,30.68,214846.39,1545.66
2024-12,3,453,137,30.24,205451.78,1499.65
2024-12,4,453,102,22.52,165236.21,1619.96
2024-12,5,453,102,22.52,182141.09,1785.7
2024-12,6,453,85,18.76,124761.24,1467.78
2024-12,7,453,71,15.67,111597.07,1571.79
2024-12,8,453,48,10.6,87596.69,1824.93
2024-12,9,453,47,10.38,74595.82,1587.15
2024-12,10,453,50,11.04,74272.11,1485.44
2024-12,11,453,49,10.82,71340.18,1455.92
2024-12,12,453,31,6.84,58492.68,1886.86
2025-01,0,444,444,100.0,583266.22,1313.66
2025-01,1,444,186,41.89,277366.01,1491.22
2025-01,2,444,140,31.53,208649.37,1490.35
2025-01,3,444,122,27.48,161029.29,1319.91
2025-01,4,444,112,25.23,184525.02,1647.54
2025-01,5,444,113,25.45,168517.1,1491.3
2025-01,6,444,75,16.89,114711.97,1529.49
2025-01,7,444,85,19.14,148759.66,1750.11
2025-01,8,444,64,14.41,100715.92,1573.69
2025-01,9,444,55,12.39,66031.17,1200.57
2025-01,10,444,46,10.36,67216.16,1461.22
2025-01,11,444,33,7.43,50140.06,1519.4
2025-02,0,450,450,100.0,580958.61,1291.02
2025-02,1,450,179,39.78,245516.05,1371.6
2025-02,2,450,132,29.33,200565.61,1519.44
2025-02,3,450,142,31.56,191562.51,1349.03
2025-02,4,450,117,26.0,211609.24,1808.63
2025-02,5,450,106,23.56,160326.43,1512.51
2025-02,6,450,85,18.89,100021.31,1176.72
2025-02,7,450,78,17.33,114316.16,1465.59
2025-02,8,450,65,14.44,84447.83,1299.2
2025-02,9,450,51,11.33,69310.02,1359.02
2025-02,10,450,48,10.67,80507.05,1677.23
2025-03,0,413,413,100.0,550354.44,1332.58
2025-03,1,413,167,40.44,258141.06,1545.75
2025-03,2,413,144,34.87,274243.7,1904.47
2025-03,3,413,136,32.93,221411.27,1628.02
2025-03,4,413,88,21.31,136502.52,1551.17
2025-03,5,413,92,22.28,126896.66,1379.31
2025-03,6,413,78,18.89,102931.95,1319.64
2025-03,7,413,62,15.01,69915.47,1127.67
2025-03,8,413,60,14.53,97851.5,1630.86
2025-03,9,413,54,13.08,103247.89,1912.0
2025-04,0,373,373,100.0,517347.0,1386.99
2025-04,1,373,163,43.7,211809.38,1299.44
2025-04,2,373,130,34.85,245182.35,1886.02
2025-04,3,373,113,30.29,198737.64,1758.74
2025-04,4,373,80,21.45,156813.65,1960.17
2025-04,5,373,70,18.77,99647.62,1423.54
2025-04,6,373,69,18.5,86357.47,1251.56
2025-04,7,373,60,16.09,100010.35,1666.84
2025-04,8,373,44,11.8,54629.89,1241.59
2025-05,0,385,385,100.0,551954.16,1433.65
2025-05,1,385,165,42.86,277780.23,1683.52
2025-05,2,385,121,31.43,180256.12,1489.72
2025-05,3,385,116,30.13,203254.54,1752.19
2025-05,4,385,94,24.42,208672.87,2219.92
2025-05,5,385,90,23.38,185277.28,2058.64
2025-05,6,385,70,18.18,94259.42,1346.56
2025-05,7,385,74,19.22,121680.26,1644.33
2025-06,0,337,337,100.0,468681.74,1390.75
2025-06,1,337,155,45.99,229506.52,1480.69
2025-06,2,337,131,38.87,209364.41,1598.2
2025-06,3,337,122,36.2,206766.69,1694.81
2025-06,4,337,84,24.93,154179.48,1835.47
2025-06,5,337,78,23.15,132881.59,1703.61
2025-06,6,337,76,22.55,148248.5,1950.64
2025-07,0,353,353,100.0,431168.72,1221.44
2025-07,1,353,150,42.49,202768.47,1351.79
2025-07,2,353,150,42.49,217380.01,1449.2
2025-07,3,353,99,28.05,172363.79,1741.05
2025-07,4,353,85,24.08,147564.47,1736.05
2025-07,5,353,89,25.21,133558.07,1500.65
2025-08,0,341,341,100.0,495389.46,1452.76
2025-08,1,341,157,46.04,288073.05,1834.86
2025-08,2,341,115,33.72,174391.09,1516.44
2025-08,3,341,103,30.21,184022.38,1786.63
2025-08,4,341,86,25.22,155523.88,1808.42
2025-09,0,289,289,100.0,439246.15,1519.88
2025-09,1,289,104,35.99,167151.23,1607.22
2025-09,2,289,96,33.22,134846.62,1404.65
2025-09,3,289,91,31.49,154336.45,1696.0
2025-10,0,313,313,100.0,433475.02,1384.9
2025-10,1,313,143,45.69,206269.94,1442.45
2025-10,2,313,98,31.31,153552.43,1566.86
2025-11,0,264,264,100.0,391324.93,1482.29
2025-11,1,264,111,42.05,174535.43,1572.39
2025-12,0,249,249,100.0,328617.42,1319.75
