product_id,name,category,price,merchant_id,rating,stock,rejection_reason
P05563,Pro Puzzle 5563,Toys,39.21,M00228,-1.0,308,rating_hors_intervalle
P05598,Elite T-Shirt 5598,Clothing,-99.99,M00558,3.0,160,price <= 0
P05621,Classic Roof Rack 5621,Automotive,195.31,M00099,6.4,113,rating_hors_intervalle
P05626,Premium Oil Filter 5626,Automotive,148.65,M00004,6.4,1125,rating_hors_intervalle
P05664,Pro First Aid Kit 5664,Health,-1.0,M00350,2.9,151,price <= 0
P05688,Classic T-Shirt 5688,Clothing,158.65,M00450,5.8,652,rating_hors_intervalle
P05745,Classic Garden Chair 5745,Home & Garden,-1.0,M00541,5.0,1109,price <= 0
P05751,Pro Dumbbells 5751,Sports,-99.99,M00365,2.4,469,price <= 0
P05786,Elite Backpack 5786,Sports,257.26,M00362,-1.0,706,rating_hors_intervalle
P05840,Pro Rug 5840,Home & Garden,-99.99,M00522,3.4,57,price <= 0
P05846,Elite Dumbbells 5846,Sports,372.19,M00242,6.4,843,rating_hors_intervalle
P05852,Elite Blood Monitor 5852,Health,50.54,M00019,-1.0,793,rating_hors_intervalle
P05884,Essential Scale 5884,Health,120.42,M00530,6.4,52,rating_hors_intervalle
P05976,Classic Dash Cam 5976,Automotive,625.56,M00370,5.8,782,rating_hors_intervalle
P05996,Essential Action Figure 5996,Toys,-12.5,M00410,3.4,529,price <= 0
P05003,Elite Perfume 5003,Beauty,-99.99,M00241,3.8,189,price <= 0
P05155,Standard Building Blocks 5155,Toys,42.22,M00439,0.0,999,rating_hors_intervalle
P05175,Premium Tea Set 5175,Food,-1.0,M00381,2.1,499,price <= 0
P05208,Classic Cheese Platter 5208,Food,17.55,M00300,-1.0,358,rating_hors_intervalle
P05297,Pro Yoga Mat 5297,Sports,-1.0,M00028,3.8,708,price <= 0
P05300,Essential Thermometer 5300,Health,147.26,M00044,5.8,201,rating_hors_intervalle
P05306,Premium Cookware Set 5306,Home & Garden,-99.99,M00264,1.0,244,price <= 0
P05337,Essential Car Parts 5337,Automotive,987.89,M00143,6.4,82,rating_hors_intervalle
P05445,Premium Pasta Box 5445,Food,39.6,M00321,-1.0,912,rating_hors_intervalle
P04018,Essential Novel 4018,Books,0.0,M00218,3.4,837,price <= 0
P04040,Pro Backpack 4040,Sports,-1.0,M00008,2.6,823,price <= 0
P04063,Elite Car Parts 4063,Automotive,379.27,M00370,0.0,446,rating_hors_intervalle
P04138,Essential Camera 4138,Electronics,1288.35,M00531,0.0,872,rating_hors_intervalle
P04232,Premium Dumbbells 4232,Sports,-99.99,M00581,3.7,331,price <= 0
P04242,Essential Plant Pot 4242,Home & Garden,170.83,M00472,6.4,179,rating_hors_intervalle
P04333,Premium Novel 4333,Books,46.3,M00400,6.4,630,rating_hors_intervalle
P04373,Pro Cookbook 4373,Books,0.0,M00494,2.6,671,price <= 0
P04410,Pro Laptop 4410,Electronics,619.65,M00529,0.0,1128,rating_hors_intervalle
P04426,Elite Running Shoes 4426,Sports,-1.0,M00092,3.0,507,price <= 0
P04439,Pro Roof Rack 4439,Automotive,907.45,M00418,-1.0,1018,rating_hors_intervalle
P04482,Standard Laptop 4482,Electronics,301.85,M00566,6.4,774,rating_hors_intervalle
P02532,Standard Biography 2532,Books,-12.5,M00577,4.0,472,price <= 0
P02599,Classic Olive Oil 2599,Food,-1.0,M00421,3.5,1003,price <= 0
P02648,Elite T-Shirt 2648,Clothing,-12.5,M00580,3.4,698,price <= 0
P02653,Premium Toy Car 2653,Toys,-1.0,M00176,3.7,1188,price <= 0
P02669,Elite Thermometer 2669,Health,168.68,M00550,5.8,112,rating_hors_intervalle
P02670,Standard Action Figure 2670,Toys,-99.99,M00174,4.6,374,price <= 0
P02683,Pro Cookbook 2683,Books,34.47,M00548,5.8,500,rating_hors_intervalle
P02698,Essential Doll 2698,Toys,109.87,M00043,5.8,96,rating_hors_intervalle
P02705,,Books,-1.0,M00402,2.9,467,price <= 0
P02721,Essential Yoga Mat 2721,Sports,-12.5,M00127,1.0,1147,price <= 0
P02751,Elite Rug 2751,Home & Garden,-99.99,M00488,2.3,628,price <= 0
P02885,Essential Nail Kit 2885,Beauty,39.83,M00200,6.4,737,rating_hors_intervalle
P02913,Elite Dash Cam 2913,Automotive,1553.65,M00282,-1.0,96,rating_hors_intervalle
P02979,Essential Cookbook 2979,Books,-99.99,M00582,3.6,1066,price <= 0
P02992,Premium Roof Rack 2992,Automotive,821.74,M00273,0.5,67,rating_hors_intervalle
P02996,Standard Novel 2996,Books,64.9,M00396,-1.0,732,rating_hors_intervalle
P02997,Elite Doll 2997,Toys,69.56,M00477,5.8,858,rating_hors_intervalle
P01619,Standard Doll 1619,Toys,-1.0,M00060,2.9,376,price <= 0
P01627,Classic Roof Rack 1627,Automotive,-12.5,M00196,4.5,753,price <= 0
P01635,Classic Massage Gun 1635,Health,108.19,M00034,-1.0,579,rating_hors_intervalle
P01645,Standard Massage Gun 1645,Health,0.0,M00039,2.4,1058,price <= 0
P01646,Classic Textbook 1646,Books,-99.99,M00210,3.0,879,price <= 0
P01661,Classic Atlas 1661,Books,-99.99,M00107,2.7,830,price <= 0
P01709,Standard Roof Rack 1709,Automotive,547.33,M00471,6.4,1147,rating_hors_intervalle
P01752,Essential Plant Pot 1752,Home & Garden,452.84,M00151,-1.0,69,rating_hors_intervalle
P01755,Premium Massage Gun 1755,Health,109.9,M00560,6.4,568,rating_hors_intervalle
P01760,Premium Biography 1760,Books,0.0,M00232,4.1,65,price <= 0
P01792,Pro Serum 1792,Beauty,-12.5,M00161,2.6,346,price <= 0
P01846,Classic Lipstick 1846,Beauty,88.36,M00152,0.5,733,rating_hors_intervalle
P04523,Elite Headphones 4523,Electronics,-99.99,M00385,3.0,790,price <= 0
P04536,Essential Blood Monitor 4536,Health,0.0,M00020,2.6,176,price <= 0
P04540,Classic Action Figure 4540,Toys,33.89,M00457,0.0,362,rating_hors_intervalle
P04554,Premium Smartphone 4554,Electronics,-12.5,M00593,3.5,1071,price <= 0
P04560,Essential Oil Filter 4560,Automotive,292.61,M00335,5.8,274,rating_hors_intervalle
P04564,Classic Laptop 4564,Electronics,-99.99,M00507,2.1,578,price <= 0
P04573,Standard Shampoo 4573,Beauty,88.84,M00414,5.8,271,rating_hors_intervalle
P04599,Elite Roof Rack 4599,Automotive,-12.5,M00382,3.8,519,price <= 0
P04620,Premium Lipstick 4620,Beauty,77.32,M00479,5.8,1012,rating_hors_intervalle
P04630,Elite Oil Filter 4630,Automotive,1195.27,M00407,0.0,476,rating_hors_intervalle
P04635,Classic Vitamins 4635,Health,133.88,M00590,6.4,1069,rating_hors_intervalle
P04646,Premium Tablet 4646,Electronics,-1.0,M00329,3.2,519,price <= 0
P04707,Essential Textbook 4707,Books,-12.5,M00518,3.1,114,price <= 0
P04732,Classic Camera 4732,Electronics,-1.0,M00038,3.1,496,price <= 0
P04740,Standard Smartphone 4740,Electronics,403.81,M00243,-1.0,1031,rating_hors_intervalle
P04744,Pro Blood Monitor 4744,Health,0.0,M00009,3.5,1005,price <= 0
P04758,Pro Novel 4758,Books,0.0,M00391,3.1,436,price <= 0
P04785,Pro Dress 4785,Clothing,131.56,M00182,6.4,116,rating_hors_intervalle
P04789,Premium Jeans 4789,Clothing,61.54,M00260,0.5,592,rating_hors_intervalle
P04863,Standard T-Shirt 4863,Clothing,41.62,M00553,0.5,320,rating_hors_intervalle
P04916,Classic Nail Kit 4916,Beauty,147.59,M00186,5.8,577,rating_hors_intervalle
P04924,Elite Olive Oil 4924,Food,-12.5,M00030,2.8,1064,price <= 0
P04990,Pro Laptop 4990,Electronics,2093.16,M00258,0.5,305,rating_hors_intervalle
P03533,Premium Jacket 3533,Clothing,212.71,M00237,0.5,368,rating_hors_intervalle
P03560,Standard Scale 3560,Health,23.79,M00154,0.5,396,rating_hors_intervalle
P03619,Elite Yoga Mat 3619,Sports,272.34,M00586,-1.0,527,rating_hors_intervalle
P03725,Classic Jeans 3725,Clothing,-99.99,M00440,3.6,666,price <= 0
P03751,Standard Dash Cam 3751,Automotive,916.88,M00282,6.4,275,rating_hors_intervalle
P03799,Essential Jacket 3799,Clothing,305.96,M00182,6.4,547,rating_hors_intervalle
P03878,Premium Board Game 3878,Toys,-12.5,M00065,3.8,841,price <= 0
P03922,Classic Tea Set 3922,Food,0.0,M00424,4.2,488,price <= 0
P03933,Essential Cookware Set 3933,Home & Garden,209.35,M00522,6.4,1184,rating_hors_intervalle
P03935,Premium T-Shirt 3935,Clothing,83.73,M00172,0.0,444,rating_hors_intervalle
P03944,Standard Lipstick 3944,Beauty,-99.99,M00016,3.7,331,price <= 0
P03956,Premium First Aid Kit 3956,Health,211.51,M00039,5.8,90,rating_hors_intervalle
P03995,Premium Backpack 3995,Sports,-1.0,M00397,2.2,1056,price <= 0
P01074,Elite First Aid Kit 1074,Health,120.26,M00115,5.8,418,rating_hors_intervalle
P01082,Premium Doll 1082,Toys,0.0,M00457,3.4,654,price <= 0
P01102,Pro Running Shoes 1102,Sports,-1.0,M00036,4.0,373,price <= 0
P01112,Premium Sneakers 1112,Clothing,-1.0,M00585,2.4,397,price <= 0
P01134,Elite Tea Set 1134,Food,-12.5,M00141,3.4,963,price <= 0
P01135,Essential T-Shirt 1135,Clothing,112.44,M00270,6.4,211,rating_hors_intervalle
P01161,Standard Headphones 1161,Electronics,-12.5,M00158,3.9,1036,price <= 0
P01194,Elite Tea Set 1194,Food,-99.99,M00305,2.8,115,price <= 0
P01217,Elite Cookware Set 1217,Home & Garden,372.01,M00513,-1.0,922,rating_hors_intervalle
P01234,Pro Lamp 1234,Home & Garden,86.09,M00561,6.4,843,rating_hors_intervalle
P01261,Essential Tennis Racket 1261,Sports,51.96,M00497,0.0,1188,rating_hors_intervalle
P01434,Standard Rug 1434,Home & Garden,0.0,M00458,3.6,830,price <= 0
P01472,Standard Car Parts 1472,Automotive,0.0,M00121,4.1,472,price <= 0
P01497,Classic Face Cream 1497,Beauty,-12.5,M00186,0.5,79,price <= 0 | rating_hors_intervalle
P03047,Essential Massage Gun 3047,Health,0.0,M00106,4.0,154,price <= 0
P03053,Elite Thermometer 3053,Health,193.86,M00009,6.4,1097,rating_hors_intervalle
P03082,Standard Sofa 3082,Home & Garden,-99.99,M00537,3.8,558,price <= 0
P03113,Pro Cookware Set 3113,Home & Garden,0.0,M00500,2.6,630,price <= 0
P03132,Elite Building Blocks 3132,Toys,120.09,M00527,5.8,321,rating_hors_intervalle
P03151,Essential Dash Cam 3151,Automotive,953.34,M00196,5.8,78,rating_hors_intervalle
P03185,Elite Lipstick 3185,Beauty,82.38,M00426,5.8,500,rating_hors_intervalle
P03317,Classic Tablet 3317,Electronics,0.0,M00556,2.8,193,price <= 0
P03393,Premium Biography 3393,Books,44.52,M00045,-1.0,462,rating_hors_intervalle
P03443,Standard Dash Cam 3443,Automotive,-1.0,M00165,4.3,725,price <= 0
P02046,Standard Car Battery 2046,Automotive,-1.0,M00196,3.4,181,price <= 0
P02063,Essential Roof Rack 2063,Automotive,-99.99,M00191,4.6,849,price <= 0
P02080,Classic Perfume 2080,Beauty,85.87,M00501,5.8,309,rating_hors_intervalle
P02149,Essential Oil Filter 2149,Automotive,1216.81,M00407,6.4,1133,rating_hors_intervalle
P02194,Classic Tennis Racket 2194,Sports,-12.5,M00307,3.7,272,price <= 0
P02239,Pro Tablet 2239,Electronics,-99.99,M00499,3.3,1179,price <= 0
P02270,Standard Puzzle 2270,Toys,0.0,M00174,4.7,1184,price <= 0
P02291,Elite Chocolate Box 2291,Food,-1.0,M00332,4.9,1136,price <= 0
P02307,Premium Face Cream 2307,Beauty,97.74,M00492,6.4,1069,rating_hors_intervalle
P02334,Classic Roof Rack 2334,Automotive,0.0,M00277,3.0,108,price <= 0
P02348,Essential Massage Gun 2348,Health,94.41,M00124,0.0,529,rating_hors_intervalle
P02371,Pro Vitamins 2371,Health,0.0,M00108,3.8,1088,price <= 0
P02414,Standard Rug 2414,Home & Garden,48.63,M00069,0.0,808,rating_hors_intervalle
P02448,Premium Novel 2448,Books,-1.0,M00391,1.7,228,price <= 0
P02449,Essential Lipstick 2449,Beauty,33.85,M00485,0.0,734,rating_hors_intervalle
P02468,Essential Sneakers 2468,Clothing,46.58,M00440,0.5,932,rating_hors_intervalle
P00020,Elite Thermometer 20,Health,-1.0,M00115,3.1,280,price <= 0
P00038,Classic Dash Cam 38,Automotive,918.47,M00224,0.0,250,rating_hors_intervalle
P00043,Elite Perfume 43,Beauty,128.32,M00085,6.4,555,rating_hors_intervalle
P00098,Classic Bicycle Helmet 98,Sports,379.66,M00397,6.4,540,rating_hors_intervalle
P00113,Classic Tablet 113,Electronics,-99.99,M00357,2.0,325,price <= 0
P00143,Premium Yoga Mat 143,Sports,474.17,M00393,0.5,680,rating_hors_intervalle
P00193,Standard Dress 193,Clothing,319.87,M00416,-1.0,583,rating_hors_intervalle
P00244,Elite Headphones 244,Electronics,-99.99,M00231,4.5,464,price <= 0
P00262,Classic Lipstick 262,Beauty,-1.0,M00570,3.2,747,price <= 0
P00373,Pro Cheese Platter 373,Food,14.28,M00029,6.4,1114,rating_hors_intervalle
P00417,Elite Tablet 417,Electronics,-99.99,M00243,3.8,347,price <= 0
P00465,Standard Jacket 465,Clothing,238.04,M00503,0.0,158,rating_hors_intervalle
P00473,Elite Garden Chair 473,Home & Garden,-1.0,M00388,2.0,648,price <= 0
P00512,Elite Tea Set 512,Food,74.06,M00245,5.8,866,rating_hors_intervalle
P00533,Premium Building Blocks 533,Toys,62.87,M00408,-1.0,1012,rating_hors_intervalle
P00543,Classic Rug 543,Home & Garden,-99.99,M00102,4.2,440,price <= 0
P00553,Standard Sneakers 553,Clothing,0.0,M00164,3.3,1127,price <= 0
P00557,Classic Cookware Set 557,Home & Garden,724.87,M00006,6.4,749,rating_hors_intervalle
P00576,Classic Roof Rack 576,Automotive,167.34,M00295,-1.0,1194,rating_hors_intervalle
P00592,Pro Bicycle Helmet 592,Sports,-1.0,M00146,2.4,1154,price <= 0
P00610,Essential Jacket 610,Clothing,234.3,M00325,0.5,363,rating_hors_intervalle
P00623,Standard Dress 623,Clothing,114.14,M00164,5.8,72,rating_hors_intervalle
P00657,Standard Headphones 657,Electronics,880.73,M00476,0.0,494,rating_hors_intervalle
P00660,Pro Massage Gun 660,Health,18.91,M00024,5.8,40,rating_hors_intervalle
P00669,,Electronics,-1.0,M00466,4.4,458,price <= 0
P00711,Standard Doll 711,Toys,91.95,M00346,0.0,131,rating_hors_intervalle
P00719,Elite Doll 719,Toys,61.3,M00274,-1.0,921,rating_hors_intervalle
P00727,Classic Atlas 727,Books,54.32,M00053,-1.0,369,rating_hors_intervalle
P00740,Premium Cookware Set 740,Home & Garden,325.88,M00133,0.0,399,rating_hors_intervalle
P00790,Standard Blood Monitor 790,Health,-1.0,M00113,3.0,849,price <= 0
P00802,Classic Face Cream 802,Beauty,20.1,M00600,6.4,859,rating_hors_intervalle
P00862,Standard Jeans 862,Clothing,244.68,M00155,5.8,522,rating_hors_intervalle
P00871,Standard Headphones 871,Electronics,-12.5,M00206,4.3,981,price <= 0
P00905,,Electronics,411.5,M00149,6.4,943,rating_hors_intervalle
P00915,Classic Chocolate Box 915,Food,76.05,M00234,6.4,27,rating_hors_intervalle
P00919,Essential Board Game 919,Toys,-99.99,M00194,5.0,710,price <= 0
P00969,Standard Toy Car 969,Toys,-12.5,M00065,3.8,931,price <= 0
P00993,Pro Headphones 993,Electronics,-99.99,M00204,1.8,162,price <= 0
